-- phpMyAdmin SQL Dump
-- version 5.2.1
-- https://www.phpmyadmin.net/
--
-- Host: 127.0.0.1
-- Generation Time: Apr 05, 2024 at 01:32 AM
-- Server version: 10.4.32-MariaDB
-- PHP Version: 8.2.12

SET SQL_MODE = "NO_AUTO_VALUE_ON_ZERO";
START TRANSACTION;
SET time_zone = "+00:00";


/*!40101 SET @OLD_CHARACTER_SET_CLIENT=@@CHARACTER_SET_CLIENT */;
/*!40101 SET @OLD_CHARACTER_SET_RESULTS=@@CHARACTER_SET_RESULTS */;
/*!40101 SET @OLD_COLLATION_CONNECTION=@@COLLATION_CONNECTION */;
/*!40101 SET NAMES utf8mb4 */;

--
-- Database: `entranceexam`
--

-- --------------------------------------------------------

--
-- Table structure for table `answer_attempts`
--

CREATE TABLE `answer_attempts` (
  `attempt_id` int(11) NOT NULL,
  `session_id` int(11) NOT NULL,
  `question_id` int(11) NOT NULL,
  `selected_answer` varchar(255) NOT NULL,
  `is_correct` tinyint(1) NOT NULL,
  `attempt_time` timestamp NOT NULL DEFAULT current_timestamp()
) ENGINE=InnoDB DEFAULT CHARSET=utf8mb4 COLLATE=utf8mb4_general_ci;

--
-- Dumping data for table `answer_attempts`
--

INSERT INTO `answer_attempts` (`attempt_id`, `session_id`, `question_id`, `selected_answer`, `is_correct`, `attempt_time`) VALUES
(0, 16, 66, '1050', 0, '2024-04-04 17:37:29'),
(0, 16, 68, '15', 0, '2024-04-04 17:37:36'),
(0, 16, 62, '7', 0, '2024-04-04 17:38:51'),
(0, 16, 65, '15', 0, '2024-04-04 17:40:35'),
(0, 17, 65, '35', 1, '2024-04-04 17:44:55'),
(0, 21, 111, '5', 1, '2024-04-04 18:09:55'),
(0, 23, 129, '3', 1, '2024-04-04 18:35:59'),
(0, 23, 124, '1', 1, '2024-04-04 18:36:48'),
(0, 23, 115, '3', 1, '2024-04-04 18:37:08'),
(0, 23, 113, '7', 1, '2024-04-04 18:37:27'),
(0, 23, 127, '3', 0, '2024-04-04 18:37:44'),
(0, 23, 111, '5', 1, '2024-04-04 18:38:31'),
(0, 23, 114, '4', 1, '2024-04-04 18:38:51'),
(0, 23, 120, '4', 1, '2024-04-04 18:39:07'),
(0, 23, 118, '1', 1, '2024-04-04 18:39:35'),
(0, 23, 128, '7', 1, '2024-04-04 18:39:39'),
(0, 23, 121, '5', 1, '2024-04-04 18:40:12'),
(0, 23, 123, '6', 0, '2024-04-04 18:41:09'),
(0, 24, 25, 'smallest and basic unit of life', 1, '2024-04-04 19:04:20'),
(0, 24, 27, 'Earth takes 365 ¼ days to revolve', 1, '2024-04-04 19:04:40'),
(0, 24, 24, 'I, II and III', 1, '2024-04-04 19:05:02'),
(0, 33, 38, 'III and IV', 1, '2024-04-04 19:35:27'),
(0, 34, 54, 'D', 1, '2024-04-04 19:44:17'),
(0, 35, 55, 'I and III', 0, '2024-04-04 19:46:20'),
(0, 36, 1, 'sweet', 1, '2024-04-04 22:34:06'),
(0, 36, 16, 'Retreat', 1, '2024-04-04 22:34:29'),
(0, 36, 17, 'Destitute', 1, '2024-04-04 22:35:15'),
(0, 36, 18, 'Beginning', 1, '2024-04-04 22:35:36'),
(0, 36, 19, 'talkative', 1, '2024-04-04 22:36:19'),
(0, 36, 20, 'audacity', 1, '2024-04-04 22:36:48'),
(0, 36, 2, 'thoughtful', 1, '2024-04-04 22:37:29'),
(0, 36, 3, 'loud', 1, '2024-04-04 22:37:52'),
(0, 36, 4, 'augment', 1, '2024-04-04 22:38:51'),
(0, 36, 5, 'lack', 1, '2024-04-04 22:39:28'),
(0, 36, 6, 'irrelevant', 0, '2024-04-04 22:39:56'),
(0, 36, 7, 'extend', 1, '2024-04-04 22:41:51'),
(0, 36, 8, 'Grumpy', 1, '2024-04-04 22:42:31'),
(0, 36, 9, 'Polite', 1, '2024-04-04 22:42:57');

-- --------------------------------------------------------

--
-- Table structure for table `player_sessions`
--

CREATE TABLE `player_sessions` (
  `session_id` int(11) NOT NULL,
  `user_id` int(11) NOT NULL,
  `score` int(11) DEFAULT NULL,
  `start_time` datetime DEFAULT NULL,
  `end_time` datetime DEFAULT NULL,
  `duration` int(11) GENERATED ALWAYS AS (timestampdiff(SECOND,`start_time`,`end_time`)) VIRTUAL,
  `correct_answers` int(11) DEFAULT NULL,
  `total_questions` int(11) DEFAULT NULL,
  `created_at` timestamp NOT NULL DEFAULT current_timestamp(),
  `updated_at` timestamp NOT NULL DEFAULT current_timestamp() ON UPDATE current_timestamp()
) ENGINE=InnoDB DEFAULT CHARSET=utf8mb4 COLLATE=utf8mb4_general_ci;

--
-- Dumping data for table `player_sessions`
--

INSERT INTO `player_sessions` (`session_id`, `user_id`, `score`, `start_time`, `end_time`, `correct_answers`, `total_questions`, `created_at`, `updated_at`) VALUES
(1, 1, NULL, '2024-04-04 20:49:27', NULL, NULL, 100, '2024-04-04 12:49:27', '2024-04-04 12:49:27'),
(2, 1, NULL, '2024-04-04 21:27:06', NULL, NULL, 100, '2024-04-04 13:27:06', '2024-04-04 13:27:06'),
(3, 1, NULL, '2024-04-04 21:27:39', NULL, NULL, 100, '2024-04-04 13:27:39', '2024-04-04 13:27:39'),
(4, 1, NULL, '2024-04-04 21:27:41', NULL, NULL, 100, '2024-04-04 13:27:41', '2024-04-04 13:27:41'),
(5, 1, NULL, '2024-04-04 21:36:38', NULL, NULL, 100, '2024-04-04 13:36:38', '2024-04-04 13:36:38'),
(6, 1, NULL, '2024-04-04 21:38:27', NULL, NULL, 100, '2024-04-04 13:38:27', '2024-04-04 13:38:27'),
(7, 1, NULL, '2024-04-04 21:39:41', NULL, NULL, 100, '2024-04-04 13:39:41', '2024-04-04 13:39:41'),
(8, 1, NULL, '2024-04-04 21:41:59', NULL, NULL, 100, '2024-04-04 13:41:59', '2024-04-04 13:41:59'),
(9, 1, NULL, '2024-04-04 21:54:19', NULL, NULL, 100, '2024-04-04 13:54:19', '2024-04-04 13:54:19'),
(10, 1, NULL, '2024-04-04 21:54:22', NULL, NULL, 100, '2024-04-04 13:54:22', '2024-04-04 13:54:22'),
(11, 1, NULL, '2024-04-04 22:02:08', NULL, NULL, 100, '2024-04-04 14:02:08', '2024-04-04 14:02:08'),
(12, 1, NULL, '2024-04-04 22:05:45', NULL, NULL, 100, '2024-04-04 14:05:45', '2024-04-04 14:05:45'),
(13, 1, NULL, '2024-04-04 22:06:19', NULL, NULL, 100, '2024-04-04 14:06:19', '2024-04-04 14:06:19'),
(14, 1, NULL, '2024-04-04 22:07:23', NULL, NULL, 100, '2024-04-04 14:07:23', '2024-04-04 14:07:23'),
(15, 1, 0, '2024-04-04 22:07:32', '2024-04-05 01:12:54', 0, 100, '2024-04-04 14:07:32', '2024-04-04 17:12:54'),
(16, 2, NULL, '2024-04-05 01:36:50', NULL, NULL, 100, '2024-04-04 17:36:50', '2024-04-04 17:36:50'),
(17, 2, NULL, '2024-04-05 01:44:44', NULL, NULL, 100, '2024-04-04 17:44:44', '2024-04-04 17:44:44'),
(18, 2, NULL, '2024-04-05 01:48:46', NULL, NULL, 101, '2024-04-04 17:48:46', '2024-04-04 17:48:46'),
(19, 2, NULL, '2024-04-05 02:03:25', NULL, NULL, 101, '2024-04-04 18:03:25', '2024-04-04 18:03:25'),
(20, 2, NULL, '2024-04-05 02:04:19', NULL, NULL, 101, '2024-04-04 18:04:19', '2024-04-04 18:04:19'),
(21, 2, 1, '2024-04-05 02:09:34', '2024-04-05 02:10:27', 1, 101, '2024-04-04 18:09:34', '2024-04-04 18:10:27'),
(22, 3, 0, '2024-04-05 02:11:30', '2024-04-05 02:13:17', 0, 102, '2024-04-04 18:11:30', '2024-04-04 18:13:17'),
(23, 5, 10, '2024-04-05 02:35:22', '2024-04-05 02:41:24', 10, 120, '2024-04-04 18:35:22', '2024-04-04 18:41:24'),
(24, 6, NULL, '2024-04-05 03:04:02', NULL, NULL, 120, '2024-04-04 19:04:02', '2024-04-04 19:04:02'),
(25, 6, NULL, '2024-04-05 03:10:17', NULL, NULL, 120, '2024-04-04 19:10:17', '2024-04-04 19:10:17'),
(26, 6, NULL, '2024-04-05 03:17:53', NULL, NULL, 120, '2024-04-04 19:17:53', '2024-04-04 19:17:53'),
(27, 6, NULL, '2024-04-05 03:20:44', NULL, NULL, 120, '2024-04-04 19:20:44', '2024-04-04 19:20:44'),
(28, 6, NULL, '2024-04-05 03:22:13', NULL, NULL, 120, '2024-04-04 19:22:13', '2024-04-04 19:22:13'),
(29, 6, NULL, '2024-04-05 03:27:31', NULL, NULL, 120, '2024-04-04 19:27:31', '2024-04-04 19:27:31'),
(30, 6, NULL, '2024-04-05 03:30:54', NULL, NULL, 120, '2024-04-04 19:30:54', '2024-04-04 19:30:54'),
(31, 6, NULL, '2024-04-05 03:32:11', NULL, NULL, 120, '2024-04-04 19:32:11', '2024-04-04 19:32:11'),
(32, 6, NULL, '2024-04-05 03:33:28', NULL, NULL, 120, '2024-04-04 19:33:28', '2024-04-04 19:33:28'),
(33, 6, NULL, '2024-04-05 03:34:44', NULL, NULL, 120, '2024-04-04 19:34:44', '2024-04-04 19:34:44'),
(34, 6, NULL, '2024-04-05 03:43:40', NULL, NULL, 120, '2024-04-04 19:43:40', '2024-04-04 19:43:40'),
(35, 6, NULL, '2024-04-05 03:45:37', NULL, NULL, 120, '2024-04-04 19:45:37', '2024-04-04 19:45:37'),
(36, 6, NULL, '2024-04-05 06:32:42', NULL, NULL, 120, '2024-04-04 22:32:42', '2024-04-04 22:32:42');

-- --------------------------------------------------------

--
-- Table structure for table `quizquestions`
--

CREATE TABLE `quizquestions` (
  `id` int(11) NOT NULL,
  `grade` varchar(255) DEFAULT NULL,
  `subject` varchar(255) DEFAULT NULL,
  `difficulty` enum('Easy','Medium','Hard') DEFAULT NULL,
  `question` text DEFAULT NULL,
  `choice1` varchar(255) DEFAULT NULL,
  `choice2` varchar(255) DEFAULT NULL,
  `choice3` varchar(255) DEFAULT NULL,
  `choice4` varchar(255) DEFAULT NULL,
  `answer` varchar(255) DEFAULT NULL,
  `explanation` text DEFAULT NULL,
  `image_url` varchar(255) DEFAULT NULL,
  `created_at` timestamp NOT NULL DEFAULT current_timestamp(),
  `updated_at` timestamp NOT NULL DEFAULT current_timestamp() ON UPDATE current_timestamp()
) ENGINE=InnoDB DEFAULT CHARSET=utf8mb4 COLLATE=utf8mb4_general_ci;

--
-- Dumping data for table `quizquestions`
--

INSERT INTO `quizquestions` (`id`, `grade`, `subject`, `difficulty`, `question`, `choice1`, `choice2`, `choice3`, `choice4`, `answer`, `explanation`, `image_url`, `created_at`, `updated_at`) VALUES
(1, NULL, 'English', NULL, 'The saccharine lady attracts many tourists in their hometown.', 'leave', 'sweet', 'arid', 'quit', 'sweet', NULL, 'assets/img/660efe0b0d8e6.png', '2024-03-21 19:46:40', '2024-04-04 19:22:51'),
(2, NULL, 'English', NULL, 'Gray’s children buy many gifts for present. They are pensive to their teacher and classmates.', 'oppressed', 'caged', 'thoughtful', 'happy', 'thoughtful', NULL, 'assets/img/660efe26ad438.png', '2024-03-21 19:46:40', '2024-04-04 19:23:18'),
(3, NULL, 'English', NULL, 'Our dogs went hiding because of stentorian fireworks on New Year’s Eve.', 'violent', 'misbegotten', 'loud', 'stealthy', 'loud', NULL, 'assets/img/660efe442eff4.png', '2024-03-21 19:46:40', '2024-04-04 19:23:48'),
(4, NULL, 'English', NULL, 'We are hoping that these herbal medicines will abate her excruciating body pain.', 'free', 'augment', 'provoke', 'wane', 'augment', NULL, 'assets/img/660efec3b78b4.png', '2024-03-21 19:46:40', '2024-04-04 22:38:47'),
(5, NULL, 'English', NULL, 'The case was dismissed because of dearth evidence presented to the court.', 'lack', 'poverty', 'abundance', 'foreign', 'lack', NULL, 'assets/img/660eff006fefb.png', '2024-03-21 19:46:40', '2024-04-04 19:26:56'),
(6, NULL, 'English', NULL, 'The teacher has introduced a motivational story which is germane to the topic.', 'irrelevant', 'indifferent', 'impartial', 'improvident', 'improvident', NULL, 'assets/img/660eff1ebf848.png', '2024-03-21 19:46:40', '2024-04-04 19:27:26'),
(7, NULL, 'English', NULL, 'I love to buy and read abridge dictionary because it has its complete details.', 'shorten', 'extend', 'stress', 'easy', 'extend', NULL, 'assets/img/660eff6d7cdf6.png', '2024-03-21 19:46:40', '2024-04-04 22:41:48'),
(8, NULL, 'English', NULL, 'Although his manner was perfectly amicable, I am still uncomfortable. The opposite meaning of the word \"amicable\" is ___________.', 'Pleasant', 'Friendly', 'Affable', 'Grumpy', 'Grumpy', NULL, NULL, '2024-03-21 19:46:40', '2024-03-21 19:46:40'),
(9, NULL, 'English', NULL, 'The new leader is a brash young man. Which word describes best the opposite meaning of the word \"brash\"?', 'Polite', 'Handsome', 'Arrogant', 'Cool', 'Polite', NULL, NULL, '2024-03-21 19:46:40', '2024-03-21 19:46:40'),
(10, NULL, 'English', NULL, 'Embrace your challenges, learn from them, and then take actions to improve your circumstances. Choose the word that is most opposite in meaning to the word “embrace”', 'Contradict', 'Face', 'Obscure', 'Reject', 'Reject', NULL, NULL, '2024-03-21 19:46:40', '2024-03-21 19:46:40'),
(11, NULL, 'English', NULL, 'Which of the following demonstrates the proper use of quotation marks?', 'The professor asked, “Did anyone take notes from the last lecture?”', '“I need to buy a new umbrella,” she said.', 'My brother says, “Hello.”', '“Stop!” shouted the security guard.', 'The professor asked, “Did anyone take notes from the last lecture?”', NULL, NULL, '2024-03-21 19:46:40', '2024-03-21 19:46:40'),
(12, NULL, 'English', NULL, 'Which of the following shows the incorrect use of \"who’s\"?', 'Who’s sandwich is this?', 'James composed a list of who’s attending the art class at the Activity Center.', 'Kyle, who’s going to Thailand in April, loves architecture.', 'Do you know who’s going to the concert tonight?', 'Who’s sandwich is this?', NULL, NULL, '2024-03-21 19:46:40', '2024-03-21 19:46:40'),
(13, '', 'English', 'Easy', 'According to the text, academic dishonesty means ________________.', 'Cheating', 'Lying', 'Deceiving', 'misconduct', 'Cheating', '', NULL, '2024-03-21 19:46:40', '2024-04-04 22:45:00'),
(14, NULL, 'English', NULL, 'Why do students commit academic dishonesty?', 'They want to get ahead of others', 'They feel they have the right to cheat', 'They like to receive high honors', 'They want to achieve a good record', 'They feel they have the right to cheat', NULL, NULL, '2024-03-21 19:46:40', '2024-03-21 19:46:40'),
(15, NULL, 'English', NULL, 'Which of the following statements can help students avoid academic dishonesty?', 'Be honest at all times', 'Paraphrase someone else’s idea', 'Tweak ideas to make it seem original', 'Recognize the idea of others', 'Be honest at all times', NULL, NULL, '2024-03-21 19:46:40', '2024-03-21 19:46:40'),
(16, NULL, 'English', NULL, 'As I think that I was never to get well, my illness began to recede. The word \"recede\" means ________.', 'Retreat', 'Forward', 'Move', 'Come', 'Retreat', NULL, NULL, '2024-03-21 19:46:40', '2024-03-21 19:46:40'),
(17, NULL, 'English', NULL, 'When Greg lost his job and became impoverished, the bank foreclosed on his home. Which word has the same meaning as impoverished?', 'Affluent', 'Indolent', 'Destitute', 'Inane', 'Destitute', NULL, NULL, '2024-03-21 19:46:40', '2024-03-21 19:46:40'),
(18, NULL, 'English', NULL, 'The cover-up lasts to this day, but its genesis is now coming to light. The correct synonym of the word \"genesis\" is _________.', 'Movement', 'Relevant', 'Style', 'Beginning', 'Beginning', NULL, NULL, '2024-03-21 19:46:40', '2024-03-21 19:46:40'),
(19, NULL, 'English', NULL, 'High school students are more loquacious than the college students in round-table discussions during the literary contest.', 'talkative', 'thirsty', 'beautiful', 'complicated', 'talkative', NULL, 'assets/img/660efd8267d2d.png', '2024-03-21 19:46:40', '2024-04-04 19:20:34'),
(20, NULL, 'English', NULL, 'Can you believe the student had the temerity to ask many questions from the terror teacher?', 'audacity', 'fearfulness', 'shyness', 'stupidity', 'audacity', NULL, 'assets/img/660efde1f3a97.png', '2024-03-21 19:46:40', '2024-04-04 19:22:10'),
(21, NULL, 'Science', NULL, 'A student conducted an experiment to see the effect of light intensity on the growth of a certain plant. Which could be the independent, dependent, and control variables of his experiment?', 'height of the plant, light intensity, weight of the plant', 'height of the plant, light intensity, color of light used', 'light intensity, height of the plant, the amount of nutrients the plant receives', 'light intensity, size of leaves, the size of flower pots used', 'light intensity, height of the plant, the amount of nutrients the plant receives', NULL, NULL, '2024-03-21 19:54:47', '2024-03-21 19:54:47'),
(22, NULL, 'Science', NULL, 'Which of the following levels of organization is arranged in the correct sequence from most to least inclusive?', 'ecosystem, community, population, individual', 'community, ecosystem, individual, population', 'individual, population, community, ecosystem', 'population, ecosystem, individual, community', 'ecosystem, community, population, individual', NULL, NULL, '2024-03-21 19:54:47', '2024-03-21 19:54:47'),
(23, NULL, 'Science', NULL, 'Which kind of relationship is exhibited by a lice and human?', 'Commensalism', 'Parasitism', 'Symbiosis', 'Competition', 'Parasitism', NULL, NULL, '2024-03-21 19:54:47', '2024-03-21 19:54:47'),
(24, '', 'Science', 'Easy', 'Important abiotic factors in ecosystems include which of the following?', 'I only', 'II only', 'I and II only', 'I, II, and III', 'I, II, and III', '', 'assets/img/660efb12d3171.png', '2024-03-21 19:54:47', '2024-04-04 19:17:41'),
(25, NULL, 'Science', NULL, 'What is a cell?', 'smallest and advanced unit of life', 'smallest and basic unit of life', 'largest and basic unit of life', 'largest and advanced unit of life', 'smallest and basic unit of life', NULL, NULL, '2024-03-21 19:54:47', '2024-03-21 19:54:47'),
(26, NULL, 'Science', NULL, 'Which of the following statements best explains why it is warmer at the equator than at the North Pole?', 'The equator has a larger area than the North Pole', 'The equator is closer to the Sun than the North Pole.', 'The equator receives more direct sunlight than the North Pole.', 'The equator has more hours of daylight per year than the North Pole.', 'The equator receives more direct sunlight than the North Pole.', NULL, NULL, '2024-03-21 19:54:47', '2024-03-21 19:54:47'),
(27, NULL, 'Science', NULL, 'During a “leap year”, we add an extra day to our calendar because:', 'Earth takes 24 hours to rotate', 'The moon takes 27.3 days to orbit', 'Earth takes 365 ¼ days to revolve', 'The moon takes 29.5 days to orbit.', 'Earth takes 365 ¼ days to revolve', NULL, NULL, '2024-03-21 19:54:47', '2024-03-21 19:54:47'),
(28, NULL, 'Science', NULL, 'Which of the following would be the effect of a rise on carbon dioxide in the atmosphere?', 'Cooling of the atmosphere', 'Increases in the solar radiation', 'Darkening of the air', 'Warming of the atmosphere', 'Warming of the atmosphere', NULL, NULL, '2024-03-21 19:54:47', '2024-03-21 19:54:47'),
(29, NULL, 'Science', NULL, 'A government existing law also known as Ecological Solid Waste Management of Act of 2000', 'RA 9003', 'RA 2000', 'RA 9007', 'RA 2001', 'RA 9003', NULL, NULL, '2024-03-21 19:54:47', '2024-03-21 19:54:47'),
(30, NULL, 'Science', NULL, 'The most visually striking evidence of global warming is ____________?', 'The increased precipitation in the gulf coast of countries', 'The increase in drought in agricultural areas', 'Rapid melting of glacial ice on nearly every continent', 'temperature fluctuations during winter months', 'Rapid melting of glacial ice on nearly every continent', NULL, NULL, '2024-03-21 19:54:47', '2024-03-21 19:54:47'),
(31, NULL, 'Science', NULL, 'What do you call a closed continuous path through which electrons can flow?', 'Circuit', 'Charge', 'Voltage', 'Resistor', 'Circuit', NULL, NULL, '2024-03-21 19:56:41', '2024-03-21 19:56:41'),
(32, NULL, 'Science', NULL, 'What wave property can best explain the apparent bending of a pencil when it is dipped into a glass of water?', 'Reflection', 'Refraction', 'Diffraction', 'Interference', 'Refraction', NULL, NULL, '2024-03-21 19:56:41', '2024-03-21 19:56:41'),
(33, NULL, 'Science', NULL, 'What is the total mechanical energy of the system?', '34J', '66J', '100J', '0J', '100J', NULL, NULL, '2024-03-21 19:56:41', '2024-03-21 19:56:41'),
(34, NULL, 'Science', NULL, 'Matter changes in composition and/or state depending on conditions. Which of the following describes matter undergoing a chemical change?', 'Sugar mixes with sodium chloride', 'Stained tiles soaked in hydrochloric acid', 'Solid ice melting into water', 'Sheets of paper were shredded to pieces', 'Stained tiles soaked in hydrochloric acid', NULL, NULL, '2024-03-21 19:56:41', '2024-03-21 19:56:41'),
(35, NULL, 'Science', NULL, 'In which list are celestial features correctly shown in order of increasing size?', 'galaxy → solar system → universe → planet', 'solar system → galaxy → planet → universe', 'planet → solar system → galaxy → universe', 'universe → galaxy → solar system → planet', 'planet → solar system → galaxy → universe', NULL, NULL, '2024-03-21 19:56:41', '2024-03-21 19:56:41'),
(36, '', 'Science', 'Easy', 'Which of the following statements about vectors and scalars are TRUE?', 'I, III and IV', 'III and V', 'I, II, V', 'I, III and V', 'I, III and IV', '', 'assets/img/660effe9dea01.png', '2024-03-21 19:56:41', '2024-04-04 19:33:26'),
(37, NULL, 'Science', NULL, 'If a car has an acceleration of 0 m/s2 then one can be sure that the car is not ________.', 'changing its position', 'changing its velocity', 'moving', 'changing its parts.', 'changing its velocity', NULL, NULL, '2024-03-21 19:56:41', '2024-03-21 19:56:41'),
(38, '', 'Science', 'Easy', 'Which of the following statements is/are not TRUE about a free-falling object?', 'I and IV', 'III and IV', 'I, III and IV', 'II and III', 'III and IV', '', 'assets/img/660f003965457.png', '2024-03-21 19:56:41', '2024-04-04 19:34:38'),
(39, NULL, 'Science', NULL, 'An object weighs 600N on Earth. A second object weighs 100N on the moon. Which has a bigger mass? Note: The moon’s gravity is 1/6th of the Earth’s.', 'The object on the earth', 'The object on the moon', 'Both objects have the same mass', 'Cannot be determined', 'Both objects have the same mass', NULL, NULL, '2024-03-21 19:56:41', '2024-04-04 23:18:38'),
(40, NULL, 'Science', NULL, 'The ideal gas law summarizes the simple gas laws. Which of the following correctly states the relationship between the four conditions?', 'V=nRTP', 'T=nR/PV', 'P=nRT/V', 'T=R/PV', 'P=nRT/V', NULL, NULL, '2024-03-21 19:56:41', '2024-03-21 19:56:41'),
(51, NULL, 'Math', NULL, 'If 3/8 of the class are absent and there are only 20 who are present how many students are absent?', '9', '10', '12', '15', '12', NULL, NULL, '2024-03-21 20:06:17', '2024-03-21 20:06:17'),
(52, NULL, 'Math', NULL, 'A man has a certain amount of money. He used ¼ of his money to buy a book and used 80% of the remainder to pay his tuition fee. If the man has still Php 600.00 left, how much is the cost of the book?', 'Php 2500.00', 'Php 1500.00', 'Php 1000.00', 'Php 500.00', 'Php 1000.00', NULL, NULL, '2024-03-21 20:06:17', '2024-03-21 20:06:17'),
(53, NULL, 'Math', NULL, 'A box contains four white balls and five red balls. If three balls are drawn from the box, what is the probability that one ball is white?', '10/42', '10/21', '5/21', '25/42', '10/21', NULL, NULL, '2024-03-21 20:06:17', '2024-04-04 23:19:43'),
(54, '', 'Math', 'Easy', '', 'A', 'B', 'C', 'D', 'D', '', 'assets/img/660f02e92bb7d.png', '2024-03-21 20:06:17', '2024-04-04 19:43:37'),
(55, NULL, 'Math', NULL, 'Which of the following mathematical statements is/are TRUE?', 'I only', 'II only', 'I and III', 'I and II', 'II only', NULL, 'assets/img/660f03598951f.png', '2024-03-21 20:06:17', '2024-04-04 19:45:29'),
(56, NULL, 'Math', NULL, 'Out of fifty students, 34 are enrolled in College Algebra and 25 are enrolled in Statistics and Probability class. If 16 are both enrolled in the two subjects, how many students are not enrolled in neither subject?', '7', '9', '16', '18', '7', NULL, NULL, '2024-03-21 20:06:17', '2024-04-04 23:20:44'),
(57, NULL, 'Math', NULL, 'A 24-meter piece of wire is cut into two parts with unequal lengths. If the ratio of the shorter piece to the longer piece is 3:5, how long is the shorter piece?', '8 m', '9 m', '15 m', '16 m', '9 m', NULL, NULL, '2024-03-21 20:06:17', '2024-03-21 20:06:17'),
(58, NULL, 'Math', NULL, 'How many 60 cm square tiles will cover the floor of a living room with dimensions 4.8 meters and 5.4 meters?', '72', '82', '92', '102', '72', NULL, NULL, '2024-03-21 20:07:13', '2024-04-04 23:21:00'),
(59, NULL, 'Math', NULL, 'A flagpole 20 ft high cast a shadow of 12 ft at the same time a building cast a shadow of 42 ft. How high is the building?', '66 ft', '67 ft', '70 ft', '74 ft', '70 ft', NULL, NULL, '2024-03-21 20:07:13', '2024-03-21 20:07:13'),
(60, NULL, 'Math', NULL, 'Given the set of data 8, 10, 5, 9, 7, 8, 6, 8, 9, 5, which of the following is true?', 'mean ≤ median ≤ mode', 'median ≤ mean ≤ mode', 'median ≤ mode ≤ mean', 'mode ≤ mean ≤ median', 'mean ≤ median ≤ mode', NULL, NULL, '2024-03-21 20:07:13', '2024-04-04 23:21:29'),
(61, NULL, 'Math', NULL, 'Van fares are computed as follows: Php 30.00 for the first four kilometers and Php 2.50 for every additional kilometer. How much should you pay (in pesos) for a ride that covers 24 kilometers?', '50', '60', '70', '80', '80', NULL, NULL, '2024-03-21 20:07:13', '2024-03-21 20:07:13'),
(62, NULL, 'Math', NULL, 'Five less than twice a number is seven. What is the number?', '5', '6', '7', '8', '6', NULL, NULL, '2024-03-21 20:07:13', '2024-03-21 20:07:13'),
(63, NULL, 'Math', NULL, 'Bong is 3 kg heavier than his younger sister Bing, and he is 2 kg lighter than his older sister Beng? If the three siblings have a total weight of 155 kg, how heavy is Bing in kilograms?', '47', '49', '52', '48', '49', NULL, NULL, '2024-03-21 20:07:13', '2024-03-21 20:07:13'),
(64, NULL, 'Math', NULL, 'How many line segments can you form from 8 collinear points?', '7', '14', '21', '28', '28', NULL, NULL, '2024-03-21 20:07:13', '2024-03-21 20:07:13'),
(65, '', 'Math', 'Easy', 'What will be the value of the expression 3x^2 – 5y + 2z^3 when x = 3, y = -2, and z = -1?', '15', '19', '35', '19', '35', '', NULL, '2024-03-21 20:07:13', '2024-04-04 17:44:40'),
(66, NULL, 'Math', NULL, 'There are 1800 college freshmen at a certain university. If the ratio of the male student to the female student is 5:7, how many male students are there?', '750', '1050', '1200', '1250', '750', NULL, NULL, '2024-03-21 20:07:13', '2024-03-21 20:07:13'),
(67, NULL, 'Math', NULL, 'The total number of ducks and pigs in a farm is 18. The total number of legs among them is 56. Assuming each duck has exactly two legs and each pig has exactly four legs, determine how many pigs are in the field?', '6', '8', '9', '10', '10', NULL, NULL, '2024-03-21 20:07:13', '2024-03-21 20:07:13'),
(68, NULL, 'Math', NULL, 'Patrick is 6 years older than Mark, and Mark is 5 years older than Michael. If the total of their ages is 61, then how old is Michael?', '10', '15', '20', '26', '15', NULL, NULL, '2024-03-21 20:07:13', '2024-04-04 23:23:10'),
(69, NULL, 'Math', NULL, 'Peter has 4 exams in his algebra subject. His scores in the first three exams were 80, 78, and 73. What score does Peter need to get on his fourth exam in order to have an average of 80?', '85', '87', '89', '90', '89', NULL, NULL, '2024-03-21 20:07:13', '2024-03-21 20:07:13'),
(70, NULL, 'Math', NULL, 'If a certain task can be completed by 8 men in 12 days, how many men can be assigned to do the same task to finish it in 6 days?', '9', '16', '18', '32', '16', NULL, NULL, '2024-03-21 20:07:13', '2024-03-21 20:07:13'),
(71, NULL, 'Social Science', NULL, 'You are an overseas Filipino worker who went to Japan for the first time. During the first few days of your stay, you are disoriented and frustrated due to your exposure to a very strange culture. What does this situation signify?', 'Cultural diversity', 'Cultural relativism', 'Culture shock', 'Fear of culture', 'Culture shock', NULL, NULL, '2024-03-21 20:11:49', '2024-03-21 20:11:49'),
(72, NULL, 'Social Science', NULL, 'Which of the following refers to the “way of life” of individuals in a community?', 'Society', 'Culture', 'Manner', 'Organization', 'Culture', NULL, NULL, '2024-03-21 20:11:49', '2024-03-21 20:11:49'),
(73, NULL, 'Social Science', NULL, 'Aside from teaching morality and reverence to our Creator, this institution also instills cultural appreciation and cultural values that would shape the personality of a child. What is this institution?', 'Church', 'Government', 'Community', 'Social media', 'Church', NULL, NULL, '2024-03-21 20:11:49', '2024-03-21 20:11:49'),
(74, NULL, 'Social Science', NULL, 'Socialization is an important social activity in the development of a person. How does socialization affect the development of an individual?', 'Socialization is an effective tool to understand cultural differences.', 'Socialization helps an individual become better than anyone else.', 'Socialization process is necessary to meet the demands of the society.', 'Undergoing constant socialization enables an individual to fully develop in physical, emotional, and mental aspects.', 'Undergoing constant socialization enables an individual to fully develop in physical, emotional, and mental aspects.', NULL, NULL, '2024-03-21 20:11:49', '2024-03-21 20:11:49'),
(75, NULL, 'Social Science', NULL, 'Which of the following statements below is NOT TRUE?', 'Informal sanctions are gossip, unfavorable and favorable public opinion, giving or withdrawing of affection, love or friendship; verbal admiration or criticism, reprimands, or verbal commendations', 'Labelling theory states how members of society label others whether they are deviant or not', 'Laws - are informal rules that are met with positive sanctions', 'Sanctions refers to systems of reward and punishment in order to ensure that norms are followed and expectations met', 'Laws - are informal rules that are met with positive sanctions', NULL, NULL, '2024-03-21 20:11:49', '2024-03-21 20:11:49'),
(76, NULL, 'Social Science', NULL, 'In 1973, the American Psychiatric Association (APA) declassified homosexuality as what?', 'Disease', 'Mental health', 'Mental disorder', 'Mental issue', 'Mental disorder', NULL, NULL, '2024-03-21 20:11:49', '2024-03-21 20:11:49'),
(77, NULL, 'Social Science', NULL, 'School is one of the different institutions in the society that help in the foundation and development of a person. Students are learning by example from their teacher and their fellow students. Which is an example of enculturation in school?', 'Singing Lupang Hinirang', 'Playing computer games', 'Wearing K-Pop fashion styles', 'Washing the clothes and the dishes', 'Singing Lupang Hinirang', NULL, NULL, '2024-03-21 20:11:49', '2024-03-21 20:11:49'),
(78, NULL, 'Social Science', NULL, 'Having more than one wife is not bad from a Muslim point of view. In relation, people must see this custom within the context of Muslims’ problems and opportunities. What kind of view is illustrated here?', 'Ethnocentrism', 'Cultural relativism', 'Barbarism', 'Egocentrism', 'Cultural relativism', NULL, NULL, '2024-03-21 20:11:49', '2024-03-21 20:11:49'),
(79, NULL, 'Social Science', NULL, 'The 1987 Philippine Constitution is an example of what kind of constitution?', 'Written Constitution', 'Unwritten Constitution', 'Fundamental law', 'Statute law', 'Written Constitution', NULL, NULL, '2024-03-21 20:11:49', '2024-03-21 20:11:49'),
(80, NULL, 'Social Science', NULL, 'Social Pathology explains that deviant behavior is caused by actual physical and mental illness, malfunctions, or deformities. Which of the following is the best solution in controlling this problem caused by actual physical and mental illness, malfunctions, or deformities?', 'Education', 'Capital punishment', 'Hospitalization', 'Rehabilitation', 'Rehabilitation', NULL, NULL, '2024-03-21 20:11:49', '2024-04-04 23:24:55'),
(81, NULL, 'Social Science', NULL, 'These are the reason why we need to study the society EXCEPT:', 'To understand the world where we live in and the intricate realities of group interactions and social processes', 'To explain and understand human behavior in the society', 'To determine the existence of animals, their functions, nature, and characteristics', 'To understand how and why human beings act the way that they do', 'To determine the existence of animals, their functions, nature, and characteristics', NULL, NULL, '2024-03-21 20:13:11', '2024-03-21 20:13:11'),
(82, NULL, 'Social Science', NULL, 'According to Herbert Mead, our concept of self is product of which of the following term?', 'Social Process', 'Culture', 'Socialization', 'Social Experience', 'Socialization', NULL, NULL, '2024-03-21 20:13:11', '2024-04-04 23:25:27'),
(83, NULL, 'Social Science', NULL, 'Buying Gucci, Christian Dior, and Prada bags is an example of what kinds of culture?', 'Popular Culture', 'Subculture', 'Counter Culture', 'High Culture', 'High Culture', NULL, NULL, '2024-03-21 20:13:11', '2024-03-21 20:13:11'),
(84, NULL, 'Social Science', NULL, 'Which term refers to the established language, religion, values, rituals, and social customs which are often the norm for society as a whole.', 'Popular culture', 'Counter culture', 'Mainstream culture', 'Subculture', 'Popular culture', NULL, NULL, '2024-03-21 20:13:11', '2024-04-04 23:25:43'),
(85, NULL, 'Social Science', NULL, 'Which of the following statements BEST described the Katipunan?', 'It was a movement which aimed for the separation of the Philippines through force.', 'It was a movement that wanted reforms from Spain.', 'It was established to make the Philippines as the Province of Spain.', 'It was established to to strengthen the colonial government.', 'It was a movement which aimed for the separation of the Philippines through force.', NULL, NULL, '2024-03-21 20:13:11', '2024-03-21 20:13:11'),
(86, NULL, 'Social Science', NULL, 'The early Filipino revolts were considered a failure. Which of the following is the most important explanation for such failure?', 'The Filipinos had the full support of the clergy to whom Filipinos obeyed because of fear.', 'The Spaniard had an advanced weapon and well-trained military.', 'The revolts were limited in scope.', 'The lack of unity and leadership which failed to sensitize the people to a common identity and purpose.', 'The lack of unity and leadership which failed to sensitize the people to a common identity and purpose.', NULL, NULL, '2024-03-21 20:13:11', '2024-03-21 20:13:11'),
(87, NULL, 'Social Science', NULL, 'Colonization of the Philippines by Spain is best described as done through:', 'The \"cross\" because of the conversion by the clergy of pagan Filipinos to Christianity', 'The \"cross\" because Magellan planted the first cross on Philippine soil', 'The \"sword\" because the soldiers forcibly made Filipinos accept the Spanish rule', 'The \"sword and cross\" because they had to make sure that colonization was accomplished.', 'The \"sword and cross\" because they had to make sure that colonization was accomplished.', NULL, NULL, '2024-03-21 20:13:11', '2024-03-21 20:13:11'),
(88, NULL, 'Social Science', NULL, 'According to the 1987 Constitution, what kind of state is the Philippines?', 'Federal and Republican', 'Democratic and Federal', 'Federal and Authoritarian', 'Democratic and Republican', 'Democratic and Republican', NULL, NULL, '2024-03-21 20:13:11', '2024-03-21 20:13:11'),
(89, NULL, 'Social Science', NULL, 'How many years does a President of the country serve in the Philippines?', '3 years', '6 years', '9 years', '12 years', '6 years', NULL, NULL, '2024-03-21 20:13:11', '2024-03-21 20:13:11'),
(90, NULL, 'Social Science', NULL, 'Who is the proponent of the idea that each newly born individual is a tabula rasa or clean slate?', 'Auguste Comte', 'Karl Marx', 'John Locke', 'Thomas Hobbes', 'John Locke', NULL, NULL, '2024-03-21 20:13:11', '2024-03-21 20:13:11'),
(91, NULL, 'Filipino', NULL, 'Anong pormasyon ng pantig ang salitang trumpeta?', 'KPKK', 'KKPPKK', 'KKPK', 'KKP', 'KKPK', NULL, NULL, '2024-03-21 21:08:30', '2024-03-21 21:08:30'),
(92, NULL, 'Filipino', NULL, 'Alin sa mga sumusunod ang pangngalang pantangi?', 'Mongol', 'Relo', 'Abogado', 'Bata', 'Mongol', NULL, NULL, '2024-03-21 21:08:30', '2024-03-21 21:08:30'),
(93, NULL, 'Filipino', NULL, 'Anong aspeto ng pandiwa ang salitang yumuko?', 'Perpektibo', 'Imperpektibo', 'Kontemplatibo', 'Kagaganap', 'Perpektibo', NULL, NULL, '2024-03-21 21:08:30', '2024-03-21 21:08:30'),
(94, NULL, 'Filipino', NULL, 'Ipinagmalaki mo siya BAHAG naman pala ANG kaniyang BUNTOT. Ang ibig sabihin ng may malalaking letra ay ____________.', 'kuripot', 'duwag', 'mahiyain', 'traydor', 'duwag', NULL, NULL, '2024-03-21 21:08:30', '2024-03-21 21:08:30'),
(95, NULL, 'Filipino', NULL, 'Kabaliwan at paglulustay ang inyong ginagawa taun-taon. Higit na marami ang maralitang nangangailangan ng salapi at dunong. Ang nagsasalita ay ___________.', 'Kuripot', 'Praktikal', 'Maramot', 'Matipid', 'Praktikal', NULL, NULL, '2024-03-21 21:08:30', '2024-03-21 21:08:30'),
(96, NULL, 'Filipino', NULL, 'Ang mga kalahok ay “walang itulak kabigin”. Ano ang ibig-sabihin ng talatang ito?', 'Walang magaling', 'May napili na', 'Pawang magagaling', 'Walang mapili', 'Pawang magagaling', NULL, NULL, '2024-03-21 21:08:30', '2024-03-21 21:08:30'),
(97, NULL, 'Filipino', NULL, 'Pagsulat ng anumang pumapaloob sa paaralan ay nauuri sa anong pagsulat?', 'Jornalistik', 'Akademiko', 'Teknikal', 'Referensyal', 'Akademiko', NULL, NULL, '2024-03-21 21:08:30', '2024-03-21 21:08:30'),
(98, NULL, 'Filipino', NULL, 'Alin sa mga sumusunod ang pagtanggap ng mensahe sa pamamagitan ng pagtugon sa damdamin at kaisipan sa mga titik at simbolong nakalimbag sa pahina?', 'Pagsulat', 'Pakikinig', 'Pagsasalita', 'Pagbasa', 'Pagbasa', NULL, NULL, '2024-03-21 21:08:30', '2024-03-21 21:08:30'),
(99, NULL, 'Filipino', NULL, 'Alin sa mga sumusunod ang pinakatamang pangungusap?', 'Nagpapabata ang pulbos sa kutis na Clinique.', 'Nagpapabata sa kutis ang pulbos na Clinique.', 'Nagpapabata ng mukha sa kutis ang pulbos na Clinique.', 'Nagpapabata sa kutis ng mukha ang pulbos na Clinique.', 'Nagpapabata sa kutis ang pulbos na Clinique.', NULL, NULL, '2024-03-21 21:08:30', '2024-03-21 21:08:30'),
(100, NULL, 'Filipino', NULL, 'Alin ang wastong salitang naayon sa pahayag: “__________ pag-asa pa ba ako?', 'May', 'Mayroon', 'Magka', 'Nagka', 'May', NULL, NULL, '2024-03-21 21:08:30', '2024-03-21 21:08:30'),
(101, NULL, 'Filipino', NULL, '“Naniningalang pugad” Ang idyomatikong pahayag na ito ay nangangahulugang?', 'Nagpapakasal', 'Nanliligaw', 'Nagsasayaw', 'Kumakanta', 'Nanliligaw', NULL, NULL, '2024-03-21 21:08:30', '2024-03-21 21:08:30'),
(102, NULL, 'Filipino', NULL, 'Aanhin pa ang bahay na bato kung ang nakatira’y kwago, mabuti pa ang kubo na ang nakatira’y tao.” Ito ay isang halimbawa ng _________________.', 'sawikain', 'salawikain', 'kasabihan', 'kawikaan', 'salawikain', NULL, NULL, '2024-03-21 21:08:30', '2024-03-21 21:08:30'),
(103, NULL, 'Filipino', NULL, 'Sa pagsasalita, kinakailangang maging natural ang galaw ng kamay, nakatutulong ito upang mas maging kanais-nais at kahikahikayat ang pagsasalita. Anong sangkap ng pagsasalita ang kailangang gamitin?', 'Kumpas', 'Tindig', 'Tinig', 'Boses', 'Kumpas', NULL, NULL, '2024-03-21 21:08:30', '2024-03-21 21:08:30'),
(104, NULL, 'Filipino', NULL, 'Isang paglalarawan ng wika sa tekstwal na tagapamagitan sa pamamagitan ng paggamit ng isang pangkat ng mga tanda, simbolo ay makikita sa anong makrong kasanayan?', 'Pagsasalita', 'Pakikinig', 'Pagbasa', 'Pagsulat', 'Pagsulat', NULL, NULL, '2024-03-21 21:08:30', '2024-03-21 21:08:30'),
(105, NULL, 'Filipino', NULL, 'Isang uri ng pagsulat na may kinalaman sa isang partikular na propesyon.', 'Teknikal', 'Akademik', 'Profesyunal', 'Malikhain', 'Profesyunal', NULL, NULL, '2024-03-21 21:08:30', '2024-03-21 21:08:30'),
(106, NULL, 'Filipino', NULL, 'Ito ay magkasunod na patinig at malapatinig sa iisang pantig sa loob ng isang salita.', 'Klaster', 'Diptonggo', 'Malapatinig', 'Alibata', 'Klaster', NULL, NULL, '2024-03-21 21:08:30', '2024-04-04 23:30:05'),
(107, NULL, 'Filipino', NULL, 'Ano ang tawag sa dalawang salitang magkaiba ang kahulugan ngunit magkatulad na magkatulad ang bigkas maliban sa isang ponema?', 'Pares-nominal', 'Pares-minimal', 'Pares-ponema', 'Pares-tunog', 'Pares-minimal', NULL, NULL, '2024-03-21 21:08:30', '2024-03-21 21:08:30'),
(108, NULL, 'Filipino', NULL, 'Tumutukoy sa magkasunod na tunog katinig sa iisang pantig ng isang salita.', 'Klaster', 'Diptonggo', 'Malapatinig', 'Alibata', 'Diptonggo', NULL, NULL, '2024-03-21 21:08:30', '2024-04-04 23:30:23'),
(109, NULL, 'Filipino', NULL, 'Anong uri ng aktong ilokusyonaryo ang pahayag na nagpapakita ng sinseridad ng nagsasalita?', 'Assertiv', 'Expresiv', 'Komisiv', 'Deklarativ', 'Komisiv', NULL, NULL, '2024-03-21 21:08:30', '2024-04-04 23:30:56'),
(110, NULL, 'Filipino', NULL, 'Kinindatan ni Dustin si Jerick dahil mayroon silang lihim na ayaw ipaalam sa kanilang mga magulang. Ang pagkindat ay isang halimbawa ng anong uri ng di-berbal na komunikasyon?', 'Paralanguage', 'Proksemiks', 'Kronemiks', 'Oculesic', 'Oculesic', NULL, NULL, '2024-03-21 21:08:30', '2024-03-21 21:08:30'),
(111, '', 'ABSTRACT REASONING', 'Easy', '', '', '', '', '', '5', '', 'assets/img/660ee7f804dd3.png', '2024-04-04 17:48:15', '2024-04-04 17:48:40'),
(112, '', 'ABSTRACT REASONING', 'Easy', '', '', '', '', '', '1', '', 'assets/img/660eed48e22e9.png', '2024-04-04 18:11:13', '2024-04-04 18:11:20'),
(113, '', 'ABSTRACT REASONING', 'Easy', '', '', '', '', '', '7', '', 'assets/img/660ef150500d2.png', '2024-04-04 18:28:23', '2024-04-04 18:28:32'),
(114, '', 'ABSTRACT REASONING', 'Easy', '', '', '', '', '', '4', '', 'assets/img/660ef16062972.png', '2024-04-04 18:28:39', '2024-04-04 18:28:48'),
(115, '', 'ABSTRACT REASONING', 'Easy', '', '', '', '', '', '3', '', 'assets/img/660ef17710ade.png', '2024-04-04 18:28:56', '2024-04-04 18:29:11'),
(116, '', 'ABSTRACT REASONING', 'Easy', '', '', '', '', '', '1', '', 'assets/img/660ef1f87109b.png', '2024-04-04 18:31:12', '2024-04-04 18:31:20'),
(117, '', 'ABSTRACT REASONING', 'Easy', '', '', '', '', '', '6', '', 'assets/img/660ef209339cc.png', '2024-04-04 18:31:29', '2024-04-04 18:31:37'),
(118, '', 'ABSTRACT REASONING', 'Easy', '', '', '', '', '', '1', '', 'assets/img/660ef215c3e5d.png', '2024-04-04 18:31:44', '2024-04-04 18:31:49'),
(119, '', 'ABSTRACT REASONING', 'Easy', '', '', '', '', '', '8', '', 'assets/img/660ef222d2e95.png', '2024-04-04 18:31:57', '2024-04-04 18:32:02'),
(120, '', 'ABSTRACT REASONING', 'Easy', '', '', '', '', '', '4', '', 'assets/img/660ef235b992d.png', '2024-04-04 18:32:16', '2024-04-04 18:32:21'),
(121, '', 'ABSTRACT REASONING', 'Easy', '', '', '', '', '', '5', '', 'assets/img/660ef24713ab0.png', '2024-04-04 18:32:31', '2024-04-04 18:32:39'),
(122, '', 'ABSTRACT REASONING', 'Easy', '', '', '', '', '', '6', '', 'assets/img/660ef25c4e972.png', '2024-04-04 18:32:49', '2024-04-04 18:33:00'),
(123, '', 'ABSTRACT REASONING', 'Easy', '', '', '', '', '', '2', '', 'assets/img/660ef26a5c87a.png', '2024-04-04 18:33:07', '2024-04-04 18:33:14'),
(124, '', 'ABSTRACT REASONING', 'Easy', '', '', '', '', '', '1', '', 'assets/img/660ef277bab6c.png', '2024-04-04 18:33:21', '2024-04-04 18:33:27'),
(125, '', 'ABSTRACT REASONING', 'Easy', '', '', '', '', '', '2', '', 'assets/img/660ef2870e3f2.png', '2024-04-04 18:33:36', '2024-04-04 18:33:43'),
(126, '', 'ABSTRACT REASONING', 'Easy', '', '', '', '', '', '4', '', 'assets/img/660ef2949bd0d.png', '2024-04-04 18:33:50', '2024-04-04 18:33:56'),
(127, '', 'ABSTRACT REASONING', 'Easy', '', '', '', '', '', '6', '', 'assets/img/660ef2a532037.png', '2024-04-04 18:34:04', '2024-04-04 18:34:13'),
(128, '', 'ABSTRACT REASONING', 'Easy', '', '', '', '', '', '7', '', 'assets/img/660ef2b4934cc.png', '2024-04-04 18:34:22', '2024-04-04 18:34:28'),
(129, '', 'ABSTRACT REASONING', 'Easy', '', '', '', '', '', '3', '', 'assets/img/660ef2cc973ef.png', '2024-04-04 18:34:45', '2024-04-04 18:34:52'),
(130, '', 'ABSTRACT REASONING', 'Easy', '', '', '', '', '', '8', '', 'assets/img/660ef2de6f7f0.png', '2024-04-04 18:35:01', '2024-04-04 18:35:10');

-- --------------------------------------------------------

--
-- Table structure for table `quiz_settings`
--

CREATE TABLE `quiz_settings` (
  `setting_id` int(11) NOT NULL,
  `setting_name` varchar(255) NOT NULL,
  `setting_value` varchar(255) NOT NULL,
  `description` text DEFAULT NULL,
  `created_at` timestamp NOT NULL DEFAULT current_timestamp(),
  `updated_at` timestamp NOT NULL DEFAULT current_timestamp() ON UPDATE current_timestamp()
) ENGINE=InnoDB DEFAULT CHARSET=utf8mb4 COLLATE=utf8mb4_general_ci;

--
-- Dumping data for table `quiz_settings`
--

INSERT INTO `quiz_settings` (`setting_id`, `setting_name`, `setting_value`, `description`, `created_at`, `updated_at`) VALUES
(4, 'quiz_duration', '120', 'Default quiz duration in minutes', '2024-03-18 17:47:35', '2024-03-18 17:47:35'),
(0, 'quiz_duration', '120', 'Default quiz duration in minutes', '2024-03-21 21:12:02', '2024-03-21 21:12:02');

-- --------------------------------------------------------

--
-- Table structure for table `student_applications`
--

CREATE TABLE `student_applications` (
  `id` int(11) NOT NULL,
  `lastname` varchar(255) NOT NULL,
  `firstname` varchar(255) NOT NULL,
  `middlename` varchar(255) DEFAULT NULL,
  `course_first_preference` varchar(255) NOT NULL,
  `course_second_preference` varchar(255) NOT NULL,
  `track_strand_taken` varchar(255) DEFAULT NULL,
  `enrollment_status` varchar(255) NOT NULL,
  `school_last_attended` varchar(255) NOT NULL,
  `school_address` text NOT NULL,
  `learners_reference_number` varchar(255) DEFAULT NULL,
  `GWA` decimal(3,2) DEFAULT NULL,
  `home_address` text NOT NULL,
  `zip_code` varchar(10) NOT NULL,
  `sex` enum('Male','Female','Other') NOT NULL,
  `birthday` date NOT NULL,
  `email_address` varchar(255) DEFAULT NULL,
  `contact_number` varchar(20) NOT NULL,
  `exam_pass_code` varchar(255) NOT NULL
) ENGINE=InnoDB DEFAULT CHARSET=utf8mb4 COLLATE=utf8mb4_general_ci;

--
-- Dumping data for table `student_applications`
--

INSERT INTO `student_applications` (`id`, `lastname`, `firstname`, `middlename`, `course_first_preference`, `course_second_preference`, `track_strand_taken`, `enrollment_status`, `school_last_attended`, `school_address`, `learners_reference_number`, `GWA`, `home_address`, `zip_code`, `sex`, `birthday`, `email_address`, `contact_number`, `exam_pass_code`) VALUES
(1, 'ABAD', 'E-JAY', 'GAMILO', '', '', NULL, '', '', '', NULL, NULL, '', '', 'Male', '0000-00-00', NULL, '', '0001'),
(2, 'ABAD', 'JOSEPH EMMANUEL', 'CACHO', '', '', NULL, '', '', '', NULL, NULL, '', '', 'Male', '0000-00-00', NULL, '', '0002'),
(3, 'ABAN', 'CLAYCEE', 'CUMENDA', '', '', NULL, '', '', '', NULL, NULL, '', '', 'Male', '0000-00-00', NULL, '', '0003'),
(4, 'ABAYA', 'JAMESON', 'JIMENEZ', '', '', NULL, '', '', '', NULL, NULL, '', '', 'Male', '0000-00-00', NULL, '', '0004'),
(5, 'ACOSTA', 'AARON MARK', 'RENDON', '', '', NULL, '', '', '', NULL, NULL, '', '', 'Male', '0000-00-00', NULL, '', '0005'),
(6, 'ACOSTA', 'JASMINE JOLLY', 'PACARIEM', '', '', NULL, '', '', '', NULL, NULL, '', '', 'Male', '0000-00-00', NULL, '', '0006'),
(7, 'ACUPIDO', 'KING ALFRED', 'ABLAO', '', '', NULL, '', '', '', NULL, NULL, '', '', 'Male', '0000-00-00', NULL, '', '0007'),
(8, 'ADLUZ', 'LYKA MAE', 'BAUA', '', '', NULL, '', '', '', NULL, NULL, '', '', 'Male', '0000-00-00', NULL, '', '0008'),
(9, 'ADORIO', 'MARK JELIUS', 'SALAZAR', '', '', NULL, '', '', '', NULL, NULL, '', '', 'Male', '0000-00-00', NULL, '', '0009'),
(10, 'AGAG', 'ROXANNE', 'SALVADOR', '', '', NULL, '', '', '', NULL, NULL, '', '', 'Male', '0000-00-00', NULL, '', '0010'),
(11, 'AGALED', 'ALJHON', 'DAVE', '', '', NULL, '', '', '', NULL, NULL, '', '', 'Male', '0000-00-00', NULL, '', '0011'),
(12, 'AGBAYANI', 'VENUS', 'DIASCAN', '', '', NULL, '', '', '', NULL, NULL, '', '', 'Male', '0000-00-00', NULL, '', '0012'),
(13, 'AGCAOILI', 'KATHLEEN', 'SOMERA', '', '', NULL, '', '', '', NULL, NULL, '', '', 'Male', '0000-00-00', NULL, '', '0013'),
(14, 'AGDUMA', 'JHAZEMER', 'NALUPA', '', '', NULL, '', '', '', NULL, NULL, '', '', 'Male', '0000-00-00', NULL, '', '0014'),
(15, 'ALABASO', 'REALYN', 'REYNO', '', '', NULL, '', '', '', NULL, NULL, '', '', 'Male', '0000-00-00', NULL, '', '0015'),
(16, 'ALASKA', 'CHERRY PIE', 'NATIVIDAD', '', '', NULL, '', '', '', NULL, NULL, '', '', 'Male', '0000-00-00', NULL, '', '0016'),
(17, 'ALBAREDA', 'MARLON DAVE', 'BARCELA', '', '', NULL, '', '', '', NULL, NULL, '', '', 'Male', '0000-00-00', NULL, '', '0017'),
(18, 'ALEJO', 'DANILYN', '', '', '', NULL, '', '', '', NULL, NULL, '', '', 'Male', '0000-00-00', NULL, '', '0018'),
(19, 'ALEJO', 'VINCE EDGAR', 'BONGOLAN', '', '', NULL, '', '', '', NULL, NULL, '', '', 'Male', '0000-00-00', NULL, '', '0019'),
(20, 'ALFEREZ', 'CHRISTINE JOY', 'DIZON', '', '', NULL, '', '', '', NULL, NULL, '', '', 'Male', '0000-00-00', NULL, '', '0020'),
(21, 'ALFONSO', 'JAKK DANIEL', 'VENTURA', '', '', NULL, '', '', '', NULL, NULL, '', '', 'Male', '0000-00-00', NULL, '', '0021'),
(22, 'ALONZO', 'LEYMARK', 'DOMINGO', '', '', NULL, '', '', '', NULL, NULL, '', '', 'Male', '0000-00-00', NULL, '', '0022'),
(23, 'ANCHETA', 'JUVAN', 'ANCHETA', '', '', NULL, '', '', '', NULL, NULL, '', '', 'Male', '0000-00-00', NULL, '', '0023'),
(24, 'ANCHETA', 'WINNIE', 'ANN', '', '', NULL, '', '', '', NULL, NULL, '', '', 'Male', '0000-00-00', NULL, '', '0024'),
(25, 'ANDRES', 'SAMANTHA CHLOE', 'RICO', '', '', NULL, '', '', '', NULL, NULL, '', '', 'Male', '0000-00-00', NULL, '', '0025'),
(26, 'ANGUI', 'FLORY JANE', 'ABOBO', '', '', NULL, '', '', '', NULL, NULL, '', '', 'Male', '0000-00-00', NULL, '', '0026'),
(27, 'ANINGAT', 'ASHLEY FAITH', 'PASCUAL', '', '', NULL, '', '', '', NULL, NULL, '', '', 'Male', '0000-00-00', NULL, '', '0027'),
(28, 'ANTOLIN', 'JASMINE', 'DAYAO', '', '', NULL, '', '', '', NULL, NULL, '', '', 'Male', '0000-00-00', NULL, '', '0028'),
(29, 'ANTONIO', 'LYANNE GAILE', 'FABRO', '', '', NULL, '', '', '', NULL, NULL, '', '', 'Male', '0000-00-00', NULL, '', '0029'),
(30, 'APOSTOL', 'SHARON', 'PAGUIRIGAN', '', '', NULL, '', '', '', NULL, NULL, '', '', 'Male', '0000-00-00', NULL, '', '0030'),
(31, 'BABACYAO', 'REY ANN', 'DALERE', '', '', NULL, '', '', '', NULL, NULL, '', '', 'Male', '0000-00-00', NULL, '', '0031'),
(32, 'BABARAN', 'CHRISTINA', 'BICERA', '', '', NULL, '', '', '', NULL, NULL, '', '', 'Male', '0000-00-00', NULL, '', '0032'),
(33, 'BABARAN', 'RUBY', 'MALLILLIN', '', '', NULL, '', '', '', NULL, NULL, '', '', 'Male', '0000-00-00', NULL, '', '0033'),
(34, 'BABAS', 'ALTHIA CAMILLE', 'SUPEÑA', '', '', NULL, '', '', '', NULL, NULL, '', '', 'Male', '0000-00-00', NULL, '', '0034'),
(35, 'BACUD', 'RIZA', 'SALADINO', '', '', NULL, '', '', '', NULL, NULL, '', '', 'Male', '0000-00-00', NULL, '', '0035'),
(36, 'BACULI', 'BRYAN', 'REYES', '', '', NULL, '', '', '', NULL, NULL, '', '', 'Male', '0000-00-00', NULL, '', '0036'),
(37, 'BALAGAN', 'RHEA MAE', 'MAURICIO', '', '', NULL, '', '', '', NULL, NULL, '', '', 'Male', '0000-00-00', NULL, '', '0037'),
(38, 'BALIGAD', 'DIANNE', 'RESPICIO', '', '', NULL, '', '', '', NULL, NULL, '', '', 'Male', '0000-00-00', NULL, '', '0038'),
(39, 'BALILA', 'WILSON JAY', 'ADLAWAN', '', '', NULL, '', '', '', NULL, NULL, '', '', 'Male', '0000-00-00', NULL, '', '0039'),
(40, 'BALISI', 'JERWIN', 'GINES', '', '', NULL, '', '', '', NULL, NULL, '', '', 'Male', '0000-00-00', NULL, '', '0040'),
(41, 'BALIWAG', 'JANICE', 'RECTO', '', '', NULL, '', '', '', NULL, NULL, '', '', 'Male', '0000-00-00', NULL, '', '0041'),
(42, 'BALIWAG', 'JOVELYN DELOS', 'REYES', '', '', NULL, '', '', '', NULL, NULL, '', '', 'Male', '0000-00-00', NULL, '', '0042'),
(43, 'BALMORES', 'MARK DIEJE', 'CREILA', '', '', NULL, '', '', '', NULL, NULL, '', '', 'Male', '0000-00-00', NULL, '', '0043'),
(44, 'BANGBANG', 'RHEXJHON', 'B', '', '', NULL, '', '', '', NULL, NULL, '', '', 'Male', '0000-00-00', NULL, '', '0044'),
(45, 'BASA', 'GENESIS', 'VALENZUELA', '', '', NULL, '', '', '', NULL, NULL, '', '', 'Male', '0000-00-00', NULL, '', '0045'),
(46, 'BAUA', 'PRINCESS XYRILL', 'MARANAN', '', '', NULL, '', '', '', NULL, NULL, '', '', 'Male', '0000-00-00', NULL, '', '0046'),
(47, 'BAUTISTA', 'RYAN JEM', 'PANGILINAN', '', '', NULL, '', '', '', NULL, NULL, '', '', 'Male', '0000-00-00', NULL, '', '0047'),
(48, 'BELLO', 'ALYSSA MEA', 'REQUIZO', '', '', NULL, '', '', '', NULL, NULL, '', '', 'Male', '0000-00-00', NULL, '', '0048'),
(49, 'BELLO', 'JILLIAN', 'PO', '', '', NULL, '', '', '', NULL, NULL, '', '', 'Male', '0000-00-00', NULL, '', '0049'),
(50, 'BENITO', 'APRIL JANE', 'RAGUINE', '', '', NULL, '', '', '', NULL, NULL, '', '', 'Male', '0000-00-00', NULL, '', '0050'),
(51, 'BERNARDINO', 'ANGELINE', 'SECULLES', '', '', NULL, '', '', '', NULL, NULL, '', '', 'Male', '0000-00-00', NULL, '', '0051'),
(52, 'BICARME', 'CHRISTINE JOY', 'RAMOS', '', '', NULL, '', '', '', NULL, NULL, '', '', 'Male', '0000-00-00', NULL, '', '0052'),
(53, 'BLANCO', 'BREMELY', 'PADUA', '', '', NULL, '', '', '', NULL, NULL, '', '', 'Male', '0000-00-00', NULL, '', '0053'),
(54, 'BLAS', 'JAMAICA', 'RAMIL', '', '', NULL, '', '', '', NULL, NULL, '', '', 'Male', '0000-00-00', NULL, '', '0054'),
(55, 'BOBILES', 'GILBERT DEL', 'ROSARIO', '', '', NULL, '', '', '', NULL, NULL, '', '', 'Male', '0000-00-00', NULL, '', '0055'),
(56, 'BONDIA', 'RENIEL DAVE', 'RASPADO', '', '', NULL, '', '', '', NULL, NULL, '', '', 'Male', '0000-00-00', NULL, '', '0056'),
(57, 'BORDEOS', 'CHRISTIAN', 'TIMBRESA', '', '', NULL, '', '', '', NULL, NULL, '', '', 'Male', '0000-00-00', NULL, '', '0057'),
(58, 'BRILLANTES', 'KAREN JOY', 'VILORIA', '', '', NULL, '', '', '', NULL, NULL, '', '', 'Male', '0000-00-00', NULL, '', '0058'),
(59, 'BRILLANTES', 'WELMIA', 'BAQUIRIN', '', '', NULL, '', '', '', NULL, NULL, '', '', 'Male', '0000-00-00', NULL, '', '0059'),
(60, 'BRUNO', 'KIM LAWRENCE', 'JOSE', '', '', NULL, '', '', '', NULL, NULL, '', '', 'Male', '0000-00-00', NULL, '', '0060'),
(61, 'BUENO', 'ABEGAIL', 'PABICO', '', '', NULL, '', '', '', NULL, NULL, '', '', 'Male', '0000-00-00', NULL, '', '0061'),
(62, 'BULATAO', 'JANMER', 'VALLEJO', '', '', NULL, '', '', '', NULL, NULL, '', '', 'Male', '0000-00-00', NULL, '', '0062'),
(63, 'BULURAN', 'JHUSTEN MAY', 'ALCANTARA', '', '', NULL, '', '', '', NULL, NULL, '', '', 'Male', '0000-00-00', NULL, '', '0063'),
(64, 'BUSTO', 'JAHAZIEL', 'FLORES', '', '', NULL, '', '', '', NULL, NULL, '', '', 'Male', '0000-00-00', NULL, '', '0064'),
(65, 'CABADDU', 'YUNIKA', 'LACAMBRA', '', '', NULL, '', '', '', NULL, NULL, '', '', 'Male', '0000-00-00', NULL, '', '0065'),
(66, 'CABILLO', 'JOHN LLOYD', 'VILLANUEVA', '', '', NULL, '', '', '', NULL, NULL, '', '', 'Male', '0000-00-00', NULL, '', '0066'),
(67, 'CALAMANAN', 'ANGEL', 'LAMORENA', '', '', NULL, '', '', '', NULL, NULL, '', '', 'Male', '0000-00-00', NULL, '', '0067'),
(68, 'CALUYA', 'EDWIN', 'GAMBOA', '', '', NULL, '', '', '', NULL, NULL, '', '', 'Male', '0000-00-00', NULL, '', '0068'),
(69, 'CAMACAM', 'DENZEL', 'FERNANDEZ', '', '', NULL, '', '', '', NULL, NULL, '', '', 'Male', '0000-00-00', NULL, '', '0069'),
(70, 'CANCERAN', 'AMYROSE', 'GALLATO', '', '', NULL, '', '', '', NULL, NULL, '', '', 'Male', '0000-00-00', NULL, '', '0070'),
(71, 'CANTINERO', 'PERY-ANN', 'LOPEZ', '', '', NULL, '', '', '', NULL, NULL, '', '', 'Male', '0000-00-00', NULL, '', '0071'),
(72, 'CARALIPIO', 'ELJ', 'ELEVAZO', '', '', NULL, '', '', '', NULL, NULL, '', '', 'Male', '0000-00-00', NULL, '', '0072'),
(73, 'CARDENAS', 'KATHLEEN KAYE', 'AGUINALDO', '', '', NULL, '', '', '', NULL, NULL, '', '', 'Male', '0000-00-00', NULL, '', '0073'),
(74, 'CARDONA', 'FRANZ', 'AZURA', '', '', NULL, '', '', '', NULL, NULL, '', '', 'Male', '0000-00-00', NULL, '', '0074'),
(75, 'CARILLO', 'JHON LOYD', 'RECCION', '', '', NULL, '', '', '', NULL, NULL, '', '', 'Male', '0000-00-00', NULL, '', '0075'),
(76, 'CARLOS', 'LADY JHOY', 'SANTIAGO', '', '', NULL, '', '', '', NULL, NULL, '', '', 'Male', '0000-00-00', NULL, '', '0076'),
(77, 'CARLOS', 'RUBILYN', 'MACAPULAY', '', '', NULL, '', '', '', NULL, NULL, '', '', 'Male', '0000-00-00', NULL, '', '0077'),
(78, 'CASTRO', 'CRISTELLE', 'BALDO', '', '', NULL, '', '', '', NULL, NULL, '', '', 'Male', '0000-00-00', NULL, '', '0078'),
(79, 'CAUAN', 'MARK LUIS', 'BALTAZAR', '', '', NULL, '', '', '', NULL, NULL, '', '', 'Male', '0000-00-00', NULL, '', '0079'),
(80, 'CAUILAN', 'JONATHAN', 'DACUSIN', '', '', NULL, '', '', '', NULL, NULL, '', '', 'Male', '0000-00-00', NULL, '', '0080'),
(81, 'CINENSE', 'JHON LLOYD', 'MONTERICO', '', '', NULL, '', '', '', NULL, NULL, '', '', 'Male', '0000-00-00', NULL, '', '0081'),
(82, 'CINENSE', 'KATE ALTHEA', 'RAMOS', '', '', NULL, '', '', '', NULL, NULL, '', '', 'Male', '0000-00-00', NULL, '', '0082'),
(83, 'CLEMENTE', 'NICK RAINIER', 'CABIGAS', '', '', NULL, '', '', '', NULL, NULL, '', '', 'Male', '0000-00-00', NULL, '', '0083'),
(84, 'COLLADO', 'NOEMIE', 'BALOT', '', '', NULL, '', '', '', NULL, NULL, '', '', 'Male', '0000-00-00', NULL, '', '0084'),
(85, 'CONCEPCION', 'JASMINE JOY', 'LUMIBAO', '', '', NULL, '', '', '', NULL, NULL, '', '', 'Male', '0000-00-00', NULL, '', '0085'),
(86, 'CORPUZ', 'JOHN RICK', 'ATOC', '', '', NULL, '', '', '', NULL, NULL, '', '', 'Male', '0000-00-00', NULL, '', '0086'),
(87, 'CORPUZ', 'KOBE BRYANT', 'ANADILLA', '', '', NULL, '', '', '', NULL, NULL, '', '', 'Male', '0000-00-00', NULL, '', '0087'),
(88, 'CORPUZ', 'MERLINE', 'GANGAN', '', '', NULL, '', '', '', NULL, NULL, '', '', 'Male', '0000-00-00', NULL, '', '0088'),
(89, 'CREILA', 'DON DON', 'SANTIAGO', '', '', NULL, '', '', '', NULL, NULL, '', '', 'Male', '0000-00-00', NULL, '', '0089'),
(90, 'CREILA', 'MAY', 'MARTINEZ', '', '', NULL, '', '', '', NULL, NULL, '', '', 'Male', '0000-00-00', NULL, '', '0090'),
(91, 'CRUZ', 'ALISA MAE', 'VALENCIA', '', '', NULL, '', '', '', NULL, NULL, '', '', 'Male', '0000-00-00', NULL, '', '0091'),
(92, 'CUBANGBANG', 'MA. ELENA', 'PERITO', '', '', NULL, '', '', '', NULL, NULL, '', '', 'Male', '0000-00-00', NULL, '', '0092'),
(93, 'DAMASO', 'KARL ADAM', 'CRUZ', '', '', NULL, '', '', '', NULL, NULL, '', '', 'Male', '0000-00-00', NULL, '', '0093'),
(94, 'DAYOS', 'JONEL', 'ESTIOCO', '', '', NULL, '', '', '', NULL, NULL, '', '', 'Male', '0000-00-00', NULL, '', '0094'),
(95, 'DE GUZMAN', 'JUNEL', 'VALDEZ', '', '', NULL, '', '', '', NULL, NULL, '', '', 'Male', '0000-00-00', NULL, '', '0095'),
(96, 'DE LEON', 'MONICA', 'VIDAL', '', '', NULL, '', '', '', NULL, NULL, '', '', 'Male', '0000-00-00', NULL, '', '0096'),
(97, 'DE VERA', 'MIKYLA', 'CASTILLO', '', '', NULL, '', '', '', NULL, NULL, '', '', 'Male', '0000-00-00', NULL, '', '0097'),
(98, 'DELA CRUZ', 'JESSA CLAIRE', 'ROMERO', '', '', NULL, '', '', '', NULL, NULL, '', '', 'Male', '0000-00-00', NULL, '', '0098'),
(99, 'DELA CRUZ', 'NICOLE', 'SANTOS', '', '', NULL, '', '', '', NULL, NULL, '', '', 'Male', '0000-00-00', NULL, '', '0099'),
(100, 'DELA ROSA', 'EMERITA', 'AYURO', '', '', NULL, '', '', '', NULL, NULL, '', '', 'Male', '0000-00-00', NULL, '', '0100'),
(101, 'DELFIN', 'ASHLEY NICOLE', 'VALDEZ', '', '', NULL, '', '', '', NULL, NULL, '', '', 'Male', '0000-00-00', NULL, '', '0101'),
(102, 'DELOS REYES', 'ARABELLA GRACE', 'BAYUDAN', '', '', NULL, '', '', '', NULL, NULL, '', '', 'Male', '0000-00-00', NULL, '', '0102'),
(103, 'DEMDAM', 'KATRINA MAE', 'VILLANUEVA', '', '', NULL, '', '', '', NULL, NULL, '', '', 'Male', '0000-00-00', NULL, '', '0103'),
(104, 'DIEGO', 'KATHLENE MAE', 'SABADO', '', '', NULL, '', '', '', NULL, NULL, '', '', 'Male', '0000-00-00', NULL, '', '0104'),
(105, 'DOMINGO', 'ROLELIE', 'ELLANA', '', '', NULL, '', '', '', NULL, NULL, '', '', 'Male', '0000-00-00', NULL, '', '0105'),
(106, 'DUCOSIN', 'DOMINIC', 'RAMIREZ', '', '', NULL, '', '', '', NULL, NULL, '', '', 'Male', '0000-00-00', NULL, '', '0106'),
(107, 'DUMPIT', 'DANICA', 'PINEDA', '', '', NULL, '', '', '', NULL, NULL, '', '', 'Male', '0000-00-00', NULL, '', '0107'),
(108, 'DUMRIQUE', 'ROSMARIE', 'ALLATA', '', '', NULL, '', '', '', NULL, NULL, '', '', 'Male', '0000-00-00', NULL, '', '0108'),
(109, 'DURAN', 'MARIEMAR', 'GLICO', '', '', NULL, '', '', '', NULL, NULL, '', '', 'Male', '0000-00-00', NULL, '', '0109'),
(110, 'EDRA', 'CHRISTIAN', 'MAMARIL', '', '', NULL, '', '', '', NULL, NULL, '', '', 'Male', '0000-00-00', NULL, '', '0110'),
(111, 'EDRALIN', 'ERICA DE', 'LEON', '', '', NULL, '', '', '', NULL, NULL, '', '', 'Male', '0000-00-00', NULL, '', '0111'),
(112, 'EDUARDO', 'PRINCE LAWRENCE', 'DOMINGO', '', '', NULL, '', '', '', NULL, NULL, '', '', 'Male', '0000-00-00', NULL, '', '0112'),
(113, 'EGAR', 'KEMBERLYN', 'PADUA', '', '', NULL, '', '', '', NULL, NULL, '', '', 'Male', '0000-00-00', NULL, '', '0113'),
(114, 'EGAR', 'RJAY', 'CABUDOL', '', '', NULL, '', '', '', NULL, NULL, '', '', 'Male', '0000-00-00', NULL, '', '0114'),
(115, 'ELEVAZO', 'FERDINAND', 'LOCQUIAO', '', '', NULL, '', '', '', NULL, NULL, '', '', 'Male', '0000-00-00', NULL, '', '0115'),
(116, 'EMELIANO', 'ROMEL', 'SANCHEZ', '', '', NULL, '', '', '', NULL, NULL, '', '', 'Male', '0000-00-00', NULL, '', '0116'),
(117, 'ENRIQUEZ', 'ROJELYN', 'G', '', '', NULL, '', '', '', NULL, NULL, '', '', 'Male', '0000-00-00', NULL, '', '0117'),
(118, 'ESPEJO', 'LORIE MAY', 'ESCOPETE', '', '', NULL, '', '', '', NULL, NULL, '', '', 'Male', '0000-00-00', NULL, '', '0118'),
(119, 'ESPIRITU', 'RHEYMAR', 'SEROMA', '', '', NULL, '', '', '', NULL, NULL, '', '', 'Male', '0000-00-00', NULL, '', '0119'),
(120, 'ESQUIVEL', 'ALLYSA MAE', 'CADORNA', '', '', NULL, '', '', '', NULL, NULL, '', '', 'Male', '0000-00-00', NULL, '', '0120'),
(121, 'ESTEBAN', 'CHERY MAY', 'BAGOLBOC', '', '', NULL, '', '', '', NULL, NULL, '', '', 'Male', '0000-00-00', NULL, '', '0121'),
(122, 'ESTELA', 'ROLANDO', 'SARDENIOLA', '', '', NULL, '', '', '', NULL, NULL, '', '', 'Male', '0000-00-00', NULL, '', '0122'),
(123, 'ESTIGOY', 'JANELLE', 'PABLO', '', '', NULL, '', '', '', NULL, NULL, '', '', 'Male', '0000-00-00', NULL, '', '0123'),
(124, 'ESTIMADA', 'KYLA', 'ESTRELLON', '', '', NULL, '', '', '', NULL, NULL, '', '', 'Male', '0000-00-00', NULL, '', '0124'),
(125, 'EVANGELISTA', 'MARK IAN', 'LINDA', '', '', NULL, '', '', '', NULL, NULL, '', '', 'Male', '0000-00-00', NULL, '', '0125'),
(126, 'FERNANDEZ', 'DENVER', 'PERU', '', '', NULL, '', '', '', NULL, NULL, '', '', 'Male', '0000-00-00', NULL, '', '0126'),
(127, 'FERNANDEZ', 'MEYNARD', 'SELOZA', '', '', NULL, '', '', '', NULL, NULL, '', '', 'Male', '0000-00-00', NULL, '', '0127'),
(128, 'FERRER', 'RUSSEL JADE', 'MANASPAS', '', '', NULL, '', '', '', NULL, NULL, '', '', 'Male', '0000-00-00', NULL, '', '0128'),
(129, 'FLORA', 'ALTHEA MAE', 'PERALTA', '', '', NULL, '', '', '', NULL, NULL, '', '', 'Male', '0000-00-00', NULL, '', '0129'),
(130, 'FLORES', 'ANA ROSE', 'DIVINA', '', '', NULL, '', '', '', NULL, NULL, '', '', 'Male', '0000-00-00', NULL, '', '0130'),
(131, 'FLORES', 'BRYAN MARK', 'BONGLAS', '', '', NULL, '', '', '', NULL, NULL, '', '', 'Male', '0000-00-00', NULL, '', '0131'),
(132, 'FORONDA', 'JOHN PATRICK', 'QUIBAN', '', '', NULL, '', '', '', NULL, NULL, '', '', 'Male', '0000-00-00', NULL, '', '0132'),
(133, 'FRANCIA', 'MARIELLE JIA', 'RAMBAOD', '', '', NULL, '', '', '', NULL, NULL, '', '', 'Male', '0000-00-00', NULL, '', '0133'),
(134, 'FRONDARINA', 'KATE ANGEL', 'CACAYORIN', '', '', NULL, '', '', '', NULL, NULL, '', '', 'Male', '0000-00-00', NULL, '', '0134'),
(135, 'FUGABAN', 'JUDY-ANN', 'GANAPIN', '', '', NULL, '', '', '', NULL, NULL, '', '', 'Male', '0000-00-00', NULL, '', '0135'),
(136, 'GACUSAN', 'LESTHER', 'DOMINGO', '', '', NULL, '', '', '', NULL, NULL, '', '', 'Male', '0000-00-00', NULL, '', '0136'),
(137, 'GADOT', 'JEROME LEE', 'PASCARAN', '', '', NULL, '', '', '', NULL, NULL, '', '', 'Male', '0000-00-00', NULL, '', '0137'),
(138, 'GALANZA', 'JOHN WAYNE', 'ABROGENA', '', '', NULL, '', '', '', NULL, NULL, '', '', 'Male', '0000-00-00', NULL, '', '0138'),
(139, 'GALASI', 'SHERRY ANNE DELA', 'CRUZ', '', '', NULL, '', '', '', NULL, NULL, '', '', 'Male', '0000-00-00', NULL, '', '0139'),
(140, 'GALLATO', 'MARK JOSHUA', 'POLIDO', '', '', NULL, '', '', '', NULL, NULL, '', '', 'Male', '0000-00-00', NULL, '', '0140'),
(141, 'GALLESTRE', 'GLADYS MAE DELA', 'PAZ', '', '', NULL, '', '', '', NULL, NULL, '', '', 'Male', '0000-00-00', NULL, '', '0141'),
(142, 'GALUT', 'KAREN JOY', 'GATCHE', '', '', NULL, '', '', '', NULL, NULL, '', '', 'Male', '0000-00-00', NULL, '', '0142'),
(143, 'GAMBOA', 'YASMIN', 'FORTEZ', '', '', NULL, '', '', '', NULL, NULL, '', '', 'Male', '0000-00-00', NULL, '', '0143'),
(144, 'GAPAY', 'RIMAR', 'SALAZAR', '', '', NULL, '', '', '', NULL, NULL, '', '', 'Male', '0000-00-00', NULL, '', '0144'),
(145, 'GAPPI', 'ROGELIO', 'ZURBITO', '', '', NULL, '', '', '', NULL, NULL, '', '', 'Male', '0000-00-00', NULL, '', '0145'),
(146, 'GARCIA', 'AIRISH JELIAN MAE', 'APIADO', '', '', NULL, '', '', '', NULL, NULL, '', '', 'Male', '0000-00-00', NULL, '', '0146'),
(147, 'GARCIA', 'EDHELVIZE', 'MACAPULAY', '', '', NULL, '', '', '', NULL, NULL, '', '', 'Male', '0000-00-00', NULL, '', '0147'),
(148, 'GARCIA', 'HERJANE GLAIZY', 'ANOG', '', '', NULL, '', '', '', NULL, NULL, '', '', 'Male', '0000-00-00', NULL, '', '0148'),
(149, 'GARCIA', 'KARLEDWARD', 'SALES', '', '', NULL, '', '', '', NULL, NULL, '', '', 'Male', '0000-00-00', NULL, '', '0149'),
(150, 'GARCIA', 'MARY ANN', 'BURCE', '', '', NULL, '', '', '', NULL, NULL, '', '', 'Male', '0000-00-00', NULL, '', '0150'),
(151, 'GARCIA', 'SAMANTHA FAITH', 'ANQUILLANO', '', '', NULL, '', '', '', NULL, NULL, '', '', 'Male', '0000-00-00', NULL, '', '0151'),
(152, 'GARCIA', 'STANLEY', 'BUADO', '', '', NULL, '', '', '', NULL, NULL, '', '', 'Male', '0000-00-00', NULL, '', '0152'),
(153, 'GASMIN', 'ABIGAIL', 'GAMBING', '', '', NULL, '', '', '', NULL, NULL, '', '', 'Male', '0000-00-00', NULL, '', '0153'),
(154, 'GATCHALIAN', 'JOY DELA', 'CRUZ', '', '', NULL, '', '', '', NULL, NULL, '', '', 'Male', '0000-00-00', NULL, '', '0154'),
(155, 'GOMEZ', 'PRINCE PAOLO', 'AGCANAS', '', '', NULL, '', '', '', NULL, NULL, '', '', 'Male', '0000-00-00', NULL, '', '0155'),
(156, 'GUILLERMO', 'JAIME', 'NICOLAS', '', '', NULL, '', '', '', NULL, NULL, '', '', 'Male', '0000-00-00', NULL, '', '0156'),
(157, 'GUMARO', 'JELLIAN', 'ESTORQUE', '', '', NULL, '', '', '', NULL, NULL, '', '', 'Male', '0000-00-00', NULL, '', '0157'),
(158, 'GUMPAL', 'PRINZEST VIE', 'GALUT', '', '', NULL, '', '', '', NULL, NULL, '', '', 'Male', '0000-00-00', NULL, '', '0158'),
(159, 'GUZMAN', 'APRIL JOY', 'MENDOZA', '', '', NULL, '', '', '', NULL, NULL, '', '', 'Male', '0000-00-00', NULL, '', '0159'),
(160, 'GUZMAN', 'HASMINE', 'LAGUINDAY', '', '', NULL, '', '', '', NULL, NULL, '', '', 'Male', '0000-00-00', NULL, '', '0160'),
(161, 'IGNACIO', 'LYCA MAE', 'VALLE', '', '', NULL, '', '', '', NULL, NULL, '', '', 'Male', '0000-00-00', NULL, '', '0161'),
(162, 'JACINTO', 'ALYSSA', 'VALDEZ', '', '', NULL, '', '', '', NULL, NULL, '', '', 'Male', '0000-00-00', NULL, '', '0162'),
(163, 'JACINTO', 'JASMINE CLAIRE', 'PASCUA', '', '', NULL, '', '', '', NULL, NULL, '', '', 'Male', '0000-00-00', NULL, '', '0163'),
(164, 'JAVIER', 'MANUEL', 'CABACUNGAN', '', '', NULL, '', '', '', NULL, NULL, '', '', 'Male', '0000-00-00', NULL, '', '0164'),
(165, 'JOSON', 'JAYLORD', 'PONCE', '', '', NULL, '', '', '', NULL, NULL, '', '', 'Male', '0000-00-00', NULL, '', '0165'),
(166, 'JUAN', 'JOHN REY', 'DALIT', '', '', NULL, '', '', '', NULL, NULL, '', '', 'Male', '0000-00-00', NULL, '', '0166'),
(167, 'JULIAN', 'JOSEPH', 'SOMERA', '', '', NULL, '', '', '', NULL, NULL, '', '', 'Male', '0000-00-00', NULL, '', '0167'),
(168, 'LABAO', 'NOLIE', 'MOLEG', '', '', NULL, '', '', '', NULL, NULL, '', '', 'Male', '0000-00-00', NULL, '', '0168'),
(169, 'LACTAO', 'CHABELITA', 'MAMAUAG', '', '', NULL, '', '', '', NULL, NULL, '', '', 'Male', '0000-00-00', NULL, '', '0169'),
(170, 'LACTAO', 'MARIE LUNA', 'MAMAWAG', '', '', NULL, '', '', '', NULL, NULL, '', '', 'Male', '0000-00-00', NULL, '', '0170'),
(171, 'LAPPAY', 'ELA', 'DUCO', '', '', NULL, '', '', '', NULL, NULL, '', '', 'Male', '0000-00-00', NULL, '', '0171'),
(172, 'LARIOSA', 'CLARENCE', 'DIAMPOC', '', '', NULL, '', '', '', NULL, NULL, '', '', 'Male', '0000-00-00', NULL, '', '0172'),
(173, 'LASTIMA', 'JENILYN', 'CORPUZ', '', '', NULL, '', '', '', NULL, NULL, '', '', 'Male', '0000-00-00', NULL, '', '0173'),
(174, 'LEONES', 'MELISSA', 'LEONES', '', '', NULL, '', '', '', NULL, NULL, '', '', 'Male', '0000-00-00', NULL, '', '0174'),
(175, 'LIGSAY', 'MARIFE', 'ABAD', '', '', NULL, '', '', '', NULL, NULL, '', '', 'Male', '0000-00-00', NULL, '', '0175'),
(176, 'LINTAO', 'JOELOU', 'MANILA', '', '', NULL, '', '', '', NULL, NULL, '', '', 'Male', '0000-00-00', NULL, '', '0176'),
(177, 'LOMBOY', 'MARK JUSTIN', 'GRAGASIN', '', '', NULL, '', '', '', NULL, NULL, '', '', 'Male', '0000-00-00', NULL, '', '0177'),
(178, 'LOPEZ', 'JESSA MAE', 'LUYUN', '', '', NULL, '', '', '', NULL, NULL, '', '', 'Male', '0000-00-00', NULL, '', '0178'),
(179, 'LOPEZ', 'JOMAR', 'DULAY', '', '', NULL, '', '', '', NULL, NULL, '', '', 'Male', '0000-00-00', NULL, '', '0179'),
(180, 'LOZANO', 'JOHN MARK', 'YERE', '', '', NULL, '', '', '', NULL, NULL, '', '', 'Male', '0000-00-00', NULL, '', '0180'),
(181, 'LUCAS', 'CEASAR', 'AQUINO', '', '', NULL, '', '', '', NULL, NULL, '', '', 'Male', '0000-00-00', NULL, '', '0181'),
(182, 'MACABURAS', 'ANGELO', 'ANDAYA', '', '', NULL, '', '', '', NULL, NULL, '', '', 'Male', '0000-00-00', NULL, '', '0182'),
(183, 'MACAPULAY', 'JOYCE', 'MARAVILLA', '', '', NULL, '', '', '', NULL, NULL, '', '', 'Male', '0000-00-00', NULL, '', '0183'),
(184, 'MACAYANAN', 'JOHN', 'KENNETH', '', '', NULL, '', '', '', NULL, NULL, '', '', 'Male', '0000-00-00', NULL, '', '0184'),
(185, 'MADRAZO', 'MHELANIE', 'DERIZA', '', '', NULL, '', '', '', NULL, NULL, '', '', 'Male', '0000-00-00', NULL, '', '0185'),
(186, 'MALLILLIN', 'MARICAR', 'BACUD', '', '', NULL, '', '', '', NULL, NULL, '', '', 'Male', '0000-00-00', NULL, '', '0186'),
(187, 'MALUBAY', 'JHADE JOSEPH', 'DOMINGO', '', '', NULL, '', '', '', NULL, NULL, '', '', 'Male', '0000-00-00', NULL, '', '0187'),
(188, 'MANUCDUC', 'LADY PAULA', 'ANTONIO', '', '', NULL, '', '', '', NULL, NULL, '', '', 'Male', '0000-00-00', NULL, '', '0188'),
(189, 'MANUEL', 'ANGEL DELA', 'CRUZ', '', '', NULL, '', '', '', NULL, NULL, '', '', 'Male', '0000-00-00', NULL, '', '0189'),
(190, 'MARI', 'RACHELLE', 'ALIPIO', '', '', NULL, '', '', '', NULL, NULL, '', '', 'Male', '0000-00-00', NULL, '', '0190'),
(191, 'MARQUEZ', 'ASIANET', 'MACUGAY', '', '', NULL, '', '', '', NULL, NULL, '', '', 'Male', '0000-00-00', NULL, '', '0191'),
(192, 'MARTINEZ', 'GRACIEL ANN', 'VERONA', '', '', NULL, '', '', '', NULL, NULL, '', '', 'Male', '0000-00-00', NULL, '', '0192'),
(193, 'MATABANG', 'MCBRYAN', 'CAMARAO', '', '', NULL, '', '', '', NULL, NULL, '', '', 'Male', '0000-00-00', NULL, '', '0193'),
(194, 'MAURICIO', 'ARGYLL DELA', 'CRUZ', '', '', NULL, '', '', '', NULL, NULL, '', '', 'Male', '0000-00-00', NULL, '', '0194'),
(195, 'MENDOZA', 'PRINCIE MAE', 'TACCAD', '', '', NULL, '', '', '', NULL, NULL, '', '', 'Male', '0000-00-00', NULL, '', '0195'),
(196, 'MENDOZA', 'RUNELYN', 'GARCIA', '', '', NULL, '', '', '', NULL, NULL, '', '', 'Male', '0000-00-00', NULL, '', '0196'),
(197, 'MENOR', 'LANDER', 'AGAG', '', '', NULL, '', '', '', NULL, NULL, '', '', 'Male', '0000-00-00', NULL, '', '0197'),
(198, 'MIGUEL', 'MARIECAR', 'ASTRERO', '', '', NULL, '', '', '', NULL, NULL, '', '', 'Male', '0000-00-00', NULL, '', '0198'),
(199, 'MIGUEL', 'MARLON', 'ASTRERO', '', '', NULL, '', '', '', NULL, NULL, '', '', 'Male', '0000-00-00', NULL, '', '0199'),
(200, 'MIRALO', 'PRINCESS LULU', 'PERALTA', '', '', NULL, '', '', '', NULL, NULL, '', '', 'Male', '0000-00-00', NULL, '', '0200'),
(201, 'MIRANDA', 'MARK ANDREW', 'AGCAOILI', '', '', NULL, '', '', '', NULL, NULL, '', '', 'Male', '0000-00-00', NULL, '', '0201'),
(202, 'MOISES', 'DANICA ROSE', 'ELLORIN', '', '', NULL, '', '', '', NULL, NULL, '', '', 'Male', '0000-00-00', NULL, '', '0202'),
(203, 'MOLEG', 'PATRICIO', 'SALLAYA', '', '', NULL, '', '', '', NULL, NULL, '', '', 'Male', '0000-00-00', NULL, '', '0203'),
(204, 'MOLINA', 'LANIE', 'MACAPULAY', '', '', NULL, '', '', '', NULL, NULL, '', '', 'Male', '0000-00-00', NULL, '', '0204'),
(205, 'MONTESA', 'ARTH LESTER', 'GALUYO', '', '', NULL, '', '', '', NULL, NULL, '', '', 'Male', '0000-00-00', NULL, '', '0205'),
(206, 'MUNDO', 'KEZIAH NICOLE', 'REMIGIO', '', '', NULL, '', '', '', NULL, NULL, '', '', 'Male', '0000-00-00', NULL, '', '0206'),
(207, 'NAMNAMA', 'MELISSA MAE', 'ALCARAZ', '', '', NULL, '', '', '', NULL, NULL, '', '', 'Male', '0000-00-00', NULL, '', '0207'),
(208, 'NARTIA', 'DANILO', 'PELDEGUIRA', '', '', NULL, '', '', '', NULL, NULL, '', '', 'Male', '0000-00-00', NULL, '', '0208'),
(209, 'NATIVIDAD', 'EMELYN', 'SUMALBAG', '', '', NULL, '', '', '', NULL, NULL, '', '', 'Male', '0000-00-00', NULL, '', '0209'),
(210, 'NATIVIDAD', 'JENIELYN', 'ABELLO', '', '', NULL, '', '', '', NULL, NULL, '', '', 'Male', '0000-00-00', NULL, '', '0210'),
(211, 'NITURA', 'NICOLE ANNE CLAUDINE', 'HERNANDEZ', '', '', NULL, '', '', '', NULL, NULL, '', '', 'Male', '0000-00-00', NULL, '', '0211'),
(212, 'NOOL', 'JHON EDMHEL', 'LUCERO', '', '', NULL, '', '', '', NULL, NULL, '', '', 'Male', '0000-00-00', NULL, '', '0212'),
(213, 'NORBERTE', 'JUDY ANN', 'FLORES', '', '', NULL, '', '', '', NULL, NULL, '', '', 'Male', '0000-00-00', NULL, '', '0213'),
(214, 'NORIAL', 'CHESTER KURT', 'SICWAT', '', '', NULL, '', '', '', NULL, NULL, '', '', 'Male', '0000-00-00', NULL, '', '0214'),
(215, 'OCAMPO', 'DANELLE DIANNE', 'LINDA', '', '', NULL, '', '', '', NULL, NULL, '', '', 'Male', '0000-00-00', NULL, '', '0215'),
(216, 'OPIANA', 'KRISTINA CASSANDRA', 'ALABON', '', '', NULL, '', '', '', NULL, NULL, '', '', 'Male', '0000-00-00', NULL, '', '0216'),
(217, 'ORTERAS', 'SHIENA MARIE', 'PADILLA', '', '', NULL, '', '', '', NULL, NULL, '', '', 'Male', '0000-00-00', NULL, '', '0217'),
(218, 'ORTIGUERO', 'DIANA', 'LABADOR', '', '', NULL, '', '', '', NULL, NULL, '', '', 'Male', '0000-00-00', NULL, '', '0218'),
(219, 'PABRO', 'JOHN LESTER', 'LUTRANIA', '', '', NULL, '', '', '', NULL, NULL, '', '', 'Male', '0000-00-00', NULL, '', '0219'),
(220, 'PACIS', 'PRINCESS MAY', 'ABENIO', '', '', NULL, '', '', '', NULL, NULL, '', '', 'Male', '0000-00-00', NULL, '', '0220'),
(221, 'PADUA', 'ASHLEY NICOLE', 'BALMORES', '', '', NULL, '', '', '', NULL, NULL, '', '', 'Male', '0000-00-00', NULL, '', '0221'),
(222, 'PAGATPATAN', 'BEA', 'SUMANGIL', '', '', NULL, '', '', '', NULL, NULL, '', '', 'Male', '0000-00-00', NULL, '', '0222'),
(223, 'PALMA', 'VANESSA DEL', 'MONTE', '', '', NULL, '', '', '', NULL, NULL, '', '', 'Male', '0000-00-00', NULL, '', '0223'),
(224, 'PAPA', 'HARRIS', 'BUMAGAT', '', '', NULL, '', '', '', NULL, NULL, '', '', 'Male', '0000-00-00', NULL, '', '0224'),
(225, 'PARATSA', 'BEA', 'JIMENEZ', '', '', NULL, '', '', '', NULL, NULL, '', '', 'Male', '0000-00-00', NULL, '', '0225'),
(226, 'PASCUA', 'KYLA MAE', 'NACINO', '', '', NULL, '', '', '', NULL, NULL, '', '', 'Male', '0000-00-00', NULL, '', '0226'),
(227, 'PASCUAL', 'ESTEFHANY', 'CALANTOC', '', '', NULL, '', '', '', NULL, NULL, '', '', 'Male', '0000-00-00', NULL, '', '0227'),
(228, 'PASCUAL', 'EVELYN', 'PERALTA', '', '', NULL, '', '', '', NULL, NULL, '', '', 'Male', '0000-00-00', NULL, '', '0228'),
(229, 'PAUIG', 'JHOZEL', 'CORTEZ', '', '', NULL, '', '', '', NULL, NULL, '', '', 'Male', '0000-00-00', NULL, '', '0229'),
(230, 'PEREZ', 'JECXIES IVY', 'FORONDA', '', '', NULL, '', '', '', NULL, NULL, '', '', 'Male', '0000-00-00', NULL, '', '0230'),
(231, 'PIMENTEL', 'PRECIOUS MITA', 'GARCIA', '', '', NULL, '', '', '', NULL, NULL, '', '', 'Male', '0000-00-00', NULL, '', '0231'),
(232, 'PINTO', 'HANSZ DIETHER', 'VINLUAN', '', '', NULL, '', '', '', NULL, NULL, '', '', 'Male', '0000-00-00', NULL, '', '0232'),
(233, 'PRADO', 'IMER MARK', 'ALCAIDE', '', '', NULL, '', '', '', NULL, NULL, '', '', 'Male', '0000-00-00', NULL, '', '0233'),
(234, 'QUITAN', 'ARA MAYEH', 'LOPEZ', '', '', NULL, '', '', '', NULL, NULL, '', '', 'Male', '0000-00-00', NULL, '', '0234'),
(235, 'QUITOLA', 'ROSELIE', 'BALIMBIN', '', '', NULL, '', '', '', NULL, NULL, '', '', 'Male', '0000-00-00', NULL, '', '0235'),
(236, 'RAGUINE', 'JUSTINE PAOLO', 'QUIDASOL', '', '', NULL, '', '', '', NULL, NULL, '', '', 'Male', '0000-00-00', NULL, '', '0236'),
(237, 'RAMBAOD', 'CHRISTINE ROSE', 'FRONDARINA', '', '', NULL, '', '', '', NULL, NULL, '', '', 'Male', '0000-00-00', NULL, '', '0237'),
(238, 'RAMBAOD', 'ERIC', 'TOMAS', '', '', NULL, '', '', '', NULL, NULL, '', '', 'Male', '0000-00-00', NULL, '', '0238'),
(239, 'REBUYA', 'KRISTINE', 'PAR', '', '', NULL, '', '', '', NULL, NULL, '', '', 'Male', '0000-00-00', NULL, '', '0239'),
(240, 'RECAIDO', 'ROBIE', 'NATIVIDAD', '', '', NULL, '', '', '', NULL, NULL, '', '', 'Male', '0000-00-00', NULL, '', '0240'),
(241, 'ABAD', 'JERICK', 'DALIT', '', '', NULL, '', '', '', NULL, NULL, '', '', 'Male', '0000-00-00', NULL, '', '0241'),
(242, 'ABALOS', 'CHERY JOY', 'CASTILLO', '', '', NULL, '', '', '', NULL, NULL, '', '', 'Male', '0000-00-00', NULL, '', '0242'),
(243, 'ABAN', 'CRISTIAN CARL JUSTINE', 'CRISTOBAL', '', '', NULL, '', '', '', NULL, NULL, '', '', 'Male', '0000-00-00', NULL, '', '0243'),
(244, 'ABAOAG', 'ALVIN', 'RUIZ', '', '', NULL, '', '', '', NULL, NULL, '', '', 'Male', '0000-00-00', NULL, '', '0244'),
(245, 'ACANGAN', 'PRECIOUS ANNE YVHONE', 'SARMIENTO', '', '', NULL, '', '', '', NULL, NULL, '', '', 'Male', '0000-00-00', NULL, '', '0245'),
(246, 'ACOB', 'KIM AARO', 'MARQUEZ', '', '', NULL, '', '', '', NULL, NULL, '', '', 'Male', '0000-00-00', NULL, '', '0246'),
(247, 'ACOSTA', 'ROXANNE', 'FERNANDEZ', '', '', NULL, '', '', '', NULL, NULL, '', '', 'Male', '0000-00-00', NULL, '', '0247'),
(248, 'ADORIO', 'MARK JELIUS', 'SALAZAR', '', '', NULL, '', '', '', NULL, NULL, '', '', 'Male', '0000-00-00', NULL, '', '0248'),
(249, 'AGANON', 'MAY ANN JOY', 'GONGONA', '', '', NULL, '', '', '', NULL, NULL, '', '', 'Male', '0000-00-00', NULL, '', '0249'),
(250, 'AGARAN', 'JERICKSON', 'TIMAGOS', '', '', NULL, '', '', '', NULL, NULL, '', '', 'Male', '0000-00-00', NULL, '', '0250'),
(251, 'AGCANAS', 'BENNIEMHAR', 'DIZON', '', '', NULL, '', '', '', NULL, NULL, '', '', 'Male', '0000-00-00', NULL, '', '0251'),
(252, 'AGCAOILI', 'AERAND', 'MALLANNAO', '', '', NULL, '', '', '', NULL, NULL, '', '', 'Male', '0000-00-00', NULL, '', '0252'),
(253, 'AGNER', 'JONATHAN', 'CAPUA', '', '', NULL, '', '', '', NULL, NULL, '', '', 'Male', '0000-00-00', NULL, '', '0253'),
(254, 'AGNO', 'JACOB', 'GANZAGAN', '', '', NULL, '', '', '', NULL, NULL, '', '', 'Male', '0000-00-00', NULL, '', '0254'),
(255, 'AGONOY', 'AHZEL JOY', 'YAP', '', '', NULL, '', '', '', NULL, NULL, '', '', 'Male', '0000-00-00', NULL, '', '0255'),
(256, 'AGORILLA', 'JHUSTYNE MARK', 'MANUEL', '', '', NULL, '', '', '', NULL, NULL, '', '', 'Male', '0000-00-00', NULL, '', '0256'),
(257, 'AGPALO', 'RICHLYNNE-MAY', 'APELLIDO', '', '', NULL, '', '', '', NULL, NULL, '', '', 'Male', '0000-00-00', NULL, '', '0257'),
(258, 'AGPAOA', 'CHRIS JOHN', 'PUDIQUET', '', '', NULL, '', '', '', NULL, NULL, '', '', 'Male', '0000-00-00', NULL, '', '0258'),
(259, 'AGPAOA', 'JOHN MHIKE', 'PUDIQUET', '', '', NULL, '', '', '', NULL, NULL, '', '', 'Male', '0000-00-00', NULL, '', '0259'),
(260, 'AGTANG', 'ANDREI JAYE', 'CARDONA', '', '', NULL, '', '', '', NULL, NULL, '', '', 'Male', '0000-00-00', NULL, '', '0260'),
(261, 'AGTANG', 'CRISLYN', 'CATUBAY', '', '', NULL, '', '', '', NULL, NULL, '', '', 'Male', '0000-00-00', NULL, '', '0261'),
(262, 'AGUB', 'JASPER JOHN', 'NICOLAS', '', '', NULL, '', '', '', NULL, NULL, '', '', 'Male', '0000-00-00', NULL, '', '0262'),
(263, 'AGUINALDO', 'EUNICE', 'TALOSIG', '', '', NULL, '', '', '', NULL, NULL, '', '', 'Male', '0000-00-00', NULL, '', '0263'),
(264, 'AGUSTIN', 'EUGENE', 'BAUA', '', '', NULL, '', '', '', NULL, NULL, '', '', 'Male', '0000-00-00', NULL, '', '0264'),
(265, 'ALBANO', 'JOYCE ANN', 'SENICA', '', '', NULL, '', '', '', NULL, NULL, '', '', 'Male', '0000-00-00', NULL, '', '0265'),
(266, 'ALEJANDRO', 'RENZ', 'VELASCO', '', '', NULL, '', '', '', NULL, NULL, '', '', 'Male', '0000-00-00', NULL, '', '0266'),
(267, 'ALEJO', 'RODNEL', 'DATUIN', '', '', NULL, '', '', '', NULL, NULL, '', '', 'Male', '0000-00-00', NULL, '', '0267'),
(268, 'ALIPIO', 'JAYRON', 'MENDIJAR', '', '', NULL, '', '', '', NULL, NULL, '', '', 'Male', '0000-00-00', NULL, '', '0268'),
(269, 'ALLAM', 'ANGELINE', 'GALLO', '', '', NULL, '', '', '', NULL, NULL, '', '', 'Male', '0000-00-00', NULL, '', '0269'),
(270, 'ALMAYDA', 'FAITH', 'BAUTISTA', '', '', NULL, '', '', '', NULL, NULL, '', '', 'Male', '0000-00-00', NULL, '', '0270'),
(271, 'ALTURA', 'AJIE JOY', 'VALDEZ', '', '', NULL, '', '', '', NULL, NULL, '', '', 'Male', '0000-00-00', NULL, '', '0271'),
(272, 'ALVARADO', 'MA. DIANE', 'TERRENAL', '', '', NULL, '', '', '', NULL, NULL, '', '', 'Male', '0000-00-00', NULL, '', '0272'),
(273, 'ALVARO', 'HEZHEL', 'TIBAY', '', '', NULL, '', '', '', NULL, NULL, '', '', 'Male', '0000-00-00', NULL, '', '0273'),
(274, 'ALVARO', 'JESSICA DELA', 'CRUZ', '', '', NULL, '', '', '', NULL, NULL, '', '', 'Male', '0000-00-00', NULL, '', '0274'),
(275, 'AMISTAD', 'JOHN ROBERT', 'MENOR', '', '', NULL, '', '', '', NULL, NULL, '', '', 'Male', '0000-00-00', NULL, '', '0275'),
(276, 'ANCHETA', 'ANGEL', 'ROJADO', '', '', NULL, '', '', '', NULL, NULL, '', '', 'Male', '0000-00-00', NULL, '', '0276'),
(277, 'ANCHETA', 'CHRISTINE', 'CENARDO', '', '', NULL, '', '', '', NULL, NULL, '', '', 'Male', '0000-00-00', NULL, '', '0277'),
(278, 'ANCHETA', 'DIWATA', 'VILUAN', '', '', NULL, '', '', '', NULL, NULL, '', '', 'Male', '0000-00-00', NULL, '', '0278'),
(279, 'ANCHETA', 'ELAIKA', 'BUCAH', '', '', NULL, '', '', '', NULL, NULL, '', '', 'Male', '0000-00-00', NULL, '', '0279'),
(280, 'ANCHETA', 'JUVAN', 'SAMOY', '', '', NULL, '', '', '', NULL, NULL, '', '', 'Male', '0000-00-00', NULL, '', '0280'),
(281, 'ANCHETA', 'KIM SHYLETH', 'PALMA', '', '', NULL, '', '', '', NULL, NULL, '', '', 'Male', '0000-00-00', NULL, '', '0281'),
(282, 'ANCHETA', 'REIAN', 'EULALIO', '', '', NULL, '', '', '', NULL, NULL, '', '', 'Male', '0000-00-00', NULL, '', '0282'),
(283, 'ANCHETA', 'RHAZELL MAR', 'TAGAO', '', '', NULL, '', '', '', NULL, NULL, '', '', 'Male', '0000-00-00', NULL, '', '0283'),
(284, 'ANCIANGCO', 'LAILA MAE', 'VICENTE', '', '', NULL, '', '', '', NULL, NULL, '', '', 'Male', '0000-00-00', NULL, '', '0284'),
(285, 'ANDAYA', 'LOVELY DIANE', 'COSTALES', '', '', NULL, '', '', '', NULL, NULL, '', '', 'Male', '0000-00-00', NULL, '', '0285'),
(286, 'ANDRES', 'KATHLEEN', 'RAMAT', '', '', NULL, '', '', '', NULL, NULL, '', '', 'Male', '0000-00-00', NULL, '', '0286'),
(287, 'ANGANGAN', 'CAMILLE', 'VENTURA', '', '', NULL, '', '', '', NULL, NULL, '', '', 'Male', '0000-00-00', NULL, '', '0287'),
(288, 'ANGAT', 'PRECIOUS MAE', 'BAUTISTA', '', '', NULL, '', '', '', NULL, NULL, '', '', 'Male', '0000-00-00', NULL, '', '0288'),
(289, 'ANINGAT', 'RACHELLE JOY', 'PASCUAL', '', '', NULL, '', '', '', NULL, NULL, '', '', 'Male', '0000-00-00', NULL, '', '0289'),
(290, 'ANQUILLANO', 'ANGELICA', 'AQUINO', '', '', NULL, '', '', '', NULL, NULL, '', '', 'Male', '0000-00-00', NULL, '', '0290'),
(291, 'ANTALAN', 'MARJORIE', 'DULAY', '', '', NULL, '', '', '', NULL, NULL, '', '', 'Male', '0000-00-00', NULL, '', '0291'),
(292, 'ANTONIO', 'APRIL JOY', 'ADOCA', '', '', NULL, '', '', '', NULL, NULL, '', '', 'Male', '0000-00-00', NULL, '', '0292'),
(293, 'ANTONIO', 'JAYSON IAN', 'URBANO', '', '', NULL, '', '', '', NULL, NULL, '', '', 'Male', '0000-00-00', NULL, '', '0293'),
(294, 'ANTONIO', 'RUFFA MAE', 'TAMAYO', '', '', NULL, '', '', '', NULL, NULL, '', '', 'Male', '0000-00-00', NULL, '', '0294'),
(295, 'APALLA', 'ROSELLA', 'SORIANO', '', '', NULL, '', '', '', NULL, NULL, '', '', 'Male', '0000-00-00', NULL, '', '0295'),
(296, 'APOLONIO', 'MECHAEL', 'LAPUEBLA', '', '', NULL, '', '', '', NULL, NULL, '', '', 'Male', '0000-00-00', NULL, '', '0296'),
(297, 'ARANDA', 'JENEREY DELA', 'CRUZ', '', '', NULL, '', '', '', NULL, NULL, '', '', 'Male', '0000-00-00', NULL, '', '0297'),
(298, 'ARANDA', 'JHUN MAC', 'CALAMBA', '', '', NULL, '', '', '', NULL, NULL, '', '', 'Male', '0000-00-00', NULL, '', '0298'),
(299, 'ARANDA', 'KAREN JOI', 'ALZATE', '', '', NULL, '', '', '', NULL, NULL, '', '', 'Male', '0000-00-00', NULL, '', '0299'),
(300, 'ARTATES', 'KEEN ZEPH', 'PULLIS', '', '', NULL, '', '', '', NULL, NULL, '', '', 'Male', '0000-00-00', NULL, '', '0300'),
(301, 'ASTRONOMIA', 'IVY', 'ANINGAT', '', '', NULL, '', '', '', NULL, NULL, '', '', 'Male', '0000-00-00', NULL, '', '0301'),
(302, 'ASUERO', 'ARABHEL', 'DORUELO', '', '', NULL, '', '', '', NULL, NULL, '', '', 'Male', '0000-00-00', NULL, '', '0302'),
(303, 'ASUNCION', 'JONABELLE', 'JUSTO', '', '', NULL, '', '', '', NULL, NULL, '', '', 'Male', '0000-00-00', NULL, '', '0303'),
(304, 'AVIÑON', 'JOHNAS', 'GOTIDO', '', '', NULL, '', '', '', NULL, NULL, '', '', 'Male', '0000-00-00', NULL, '', '0304'),
(305, 'AYAP', 'JHAY LORD', 'TARAPI', '', '', NULL, '', '', '', NULL, NULL, '', '', 'Male', '0000-00-00', NULL, '', '0305'),
(306, 'BAGALAY', 'JELLY', 'CHAVEZ', '', '', NULL, '', '', '', NULL, NULL, '', '', 'Male', '0000-00-00', NULL, '', '0306'),
(307, 'BAGAWISAN', 'SHARMAINE', 'AGUSTIN', '', '', NULL, '', '', '', NULL, NULL, '', '', 'Male', '0000-00-00', NULL, '', '0307'),
(308, 'BAJO', 'RUEL', 'EULALAIO', '', '', NULL, '', '', '', NULL, NULL, '', '', 'Male', '0000-00-00', NULL, '', '0308'),
(309, 'BALAGUER', 'KHARELLE GRACE', 'CALINDA', '', '', NULL, '', '', '', NULL, NULL, '', '', 'Male', '0000-00-00', NULL, '', '0309'),
(310, 'BALDONADO', 'TWINKLE', 'TIRAO', '', '', NULL, '', '', '', NULL, NULL, '', '', 'Male', '0000-00-00', NULL, '', '0310'),
(311, 'BALDOVINO', 'IVAN ANGELO', 'RAQUEPO', '', '', NULL, '', '', '', NULL, NULL, '', '', 'Male', '0000-00-00', NULL, '', '0311'),
(312, 'BALILA', 'JILLIAN MAE', 'OLINARES', '', '', NULL, '', '', '', NULL, NULL, '', '', 'Male', '0000-00-00', NULL, '', '0312'),
(313, 'BALILA', 'JOHN MARK', 'MIGUEL', '', '', NULL, '', '', '', NULL, NULL, '', '', 'Male', '0000-00-00', NULL, '', '0313'),
(314, 'BALIMBIN', 'JENNY ROSE', 'B.', '', '', NULL, '', '', '', NULL, NULL, '', '', 'Male', '0000-00-00', NULL, '', '0314'),
(315, 'BALINZON', 'RONALYN', 'OLONAN', '', '', NULL, '', '', '', NULL, NULL, '', '', 'Male', '0000-00-00', NULL, '', '0315'),
(316, 'BALLESTEROS', 'RONALD', 'PAGUIRIGAN', '', '', NULL, '', '', '', NULL, NULL, '', '', 'Male', '0000-00-00', NULL, '', '0316'),
(317, 'BALUBAR', 'SHELLA', 'SEJALBO', '', '', NULL, '', '', '', NULL, NULL, '', '', 'Male', '0000-00-00', NULL, '', '0317'),
(318, 'BANGUEL', 'CHRISTINE JOY', 'OPEÑA', '', '', NULL, '', '', '', NULL, NULL, '', '', 'Male', '0000-00-00', NULL, '', '0318'),
(319, 'BAQUIRAN', 'JOHN MARK', 'NUEVA', '', '', NULL, '', '', '', NULL, NULL, '', '', 'Male', '0000-00-00', NULL, '', '0319'),
(320, 'BARRIOS', 'KRISTINA', 'CASSANDRA', '', '', NULL, '', '', '', NULL, NULL, '', '', 'Male', '0000-00-00', NULL, '', '0320'),
(321, 'BARTOLOME', 'GERMAINE ROSETTE', 'ANCHETA', '', '', NULL, '', '', '', NULL, NULL, '', '', 'Male', '0000-00-00', NULL, '', '0321'),
(322, 'BARTOLOME', 'RHAFAEL', 'CASANOVA', '', '', NULL, '', '', '', NULL, NULL, '', '', 'Male', '0000-00-00', NULL, '', '0322'),
(323, 'BAUA', 'GEOFFREY', 'BUNCAG', '', '', NULL, '', '', '', NULL, NULL, '', '', 'Male', '0000-00-00', NULL, '', '0323'),
(324, 'BAUA', 'JAY-JAY', 'BAQUIRAN', '', '', NULL, '', '', '', NULL, NULL, '', '', 'Male', '0000-00-00', NULL, '', '0324'),
(325, 'BAUTISTA', 'JEFFELYN', 'FERNANDEZ', '', '', NULL, '', '', '', NULL, NULL, '', '', 'Male', '0000-00-00', NULL, '', '0325'),
(326, 'BAUTISTA', 'JOHN LESTER', 'RUBIS', '', '', NULL, '', '', '', NULL, NULL, '', '', 'Male', '0000-00-00', NULL, '', '0326'),
(327, 'BAUTISTA', 'ROBIN', 'ALIPANTE', '', '', NULL, '', '', '', NULL, NULL, '', '', 'Male', '0000-00-00', NULL, '', '0327'),
(328, 'BAUTISTA', 'SHAIN MICHEAL', 'FERNANDEZ', '', '', NULL, '', '', '', NULL, NULL, '', '', 'Male', '0000-00-00', NULL, '', '0328'),
(329, 'BAUTISTA', 'STEPHANIE', 'PAGDILAO', '', '', NULL, '', '', '', NULL, NULL, '', '', 'Male', '0000-00-00', NULL, '', '0329'),
(330, 'BAYANGOS', 'MARIA ANGELICA', 'EVERA', '', '', NULL, '', '', '', NULL, NULL, '', '', 'Male', '0000-00-00', NULL, '', '0330'),
(331, 'BECARME', 'LEAMAE', 'NOLASCO', '', '', NULL, '', '', '', NULL, NULL, '', '', 'Male', '0000-00-00', NULL, '', '0331'),
(332, 'BENITO', 'MAY ANN', 'DANGSOY', '', '', NULL, '', '', '', NULL, NULL, '', '', 'Male', '0000-00-00', NULL, '', '0332'),
(333, 'BERMUDEZ', 'PRINCES JOY', 'EMBAT', '', '', NULL, '', '', '', NULL, NULL, '', '', 'Male', '0000-00-00', NULL, '', '0333'),
(334, 'BERNARDO', 'JANNAH VICTORIA', 'REPARDOS', '', '', NULL, '', '', '', NULL, NULL, '', '', 'Male', '0000-00-00', NULL, '', '0334'),
(335, 'BERONILLA', 'KATHLYN', 'ALBANO', '', '', NULL, '', '', '', NULL, NULL, '', '', 'Male', '0000-00-00', NULL, '', '0335'),
(336, 'BERSAMERA', 'KIMBERLY', 'SOLITO', '', '', NULL, '', '', '', NULL, NULL, '', '', 'Male', '0000-00-00', NULL, '', '0336'),
(337, 'BICARME', 'CHRISTYL', 'APIADO', '', '', NULL, '', '', '', NULL, NULL, '', '', 'Male', '0000-00-00', NULL, '', '0337'),
(338, 'BILOG', 'BONA CARLA', 'GUERRERO', '', '', NULL, '', '', '', NULL, NULL, '', '', 'Male', '0000-00-00', NULL, '', '0338'),
(339, 'BIMMACTAD', 'MARK', 'LAMAG', '', '', NULL, '', '', '', NULL, NULL, '', '', 'Male', '0000-00-00', NULL, '', '0339'),
(340, 'BISTAYON', 'ESPERITA', 'LUKYA', '', '', NULL, '', '', '', NULL, NULL, '', '', 'Male', '0000-00-00', NULL, '', '0340'),
(341, 'BITAMOG', 'LORRAINE', 'PIMENTEL', '', '', NULL, '', '', '', NULL, NULL, '', '', 'Male', '0000-00-00', NULL, '', '0341'),
(342, 'BLANCO', 'BREMELY', 'PADUA', '', '', NULL, '', '', '', NULL, NULL, '', '', 'Male', '0000-00-00', NULL, '', '0342'),
(343, 'BLAZA', 'NICOLE', 'BARBERO', '', '', NULL, '', '', '', NULL, NULL, '', '', 'Male', '0000-00-00', NULL, '', '0343'),
(344, 'BOCNGEL', 'CLARIZA', 'LLANES', '', '', NULL, '', '', '', NULL, NULL, '', '', 'Male', '0000-00-00', NULL, '', '0344'),
(345, 'BUGUINA', 'CHERRY MAE', 'SALINAS', '', '', NULL, '', '', '', NULL, NULL, '', '', 'Male', '0000-00-00', NULL, '', '0345'),
(346, 'BUHANHIN', 'JHON MARK', 'CARBONEL', '', '', NULL, '', '', '', NULL, NULL, '', '', 'Male', '0000-00-00', NULL, '', '0346'),
(347, 'BULONG', 'MARK JOHN', 'SABIANO', '', '', NULL, '', '', '', NULL, NULL, '', '', 'Male', '0000-00-00', NULL, '', '0347'),
(348, 'BULUSAN', 'AERON JESTER', 'TALOSIG', '', '', NULL, '', '', '', NULL, NULL, '', '', 'Male', '0000-00-00', NULL, '', '0348'),
(349, 'BULUSAN', 'KARLO', 'ANCHETA', '', '', NULL, '', '', '', NULL, NULL, '', '', 'Male', '0000-00-00', NULL, '', '0349'),
(350, 'BUMAGAT', 'PRESLYN JOY', 'BALAT', '', '', NULL, '', '', '', NULL, NULL, '', '', 'Male', '0000-00-00', NULL, '', '0350'),
(351, 'BUMANLAG', 'ANGELICA', 'SIGUE', '', '', NULL, '', '', '', NULL, NULL, '', '', 'Male', '0000-00-00', NULL, '', '0351'),
(352, 'BUSTAMANTE', 'CHRISTIAN', 'CARA', '', '', NULL, '', '', '', NULL, NULL, '', '', 'Male', '0000-00-00', NULL, '', '0352'),
(353, 'CABACUNGAN', 'JOANNA', 'CABACUNGAN', '', '', NULL, '', '', '', NULL, NULL, '', '', 'Male', '0000-00-00', NULL, '', '0353'),
(354, 'CABANAYAN', 'AERA RUTH', 'MUNAR', '', '', NULL, '', '', '', NULL, NULL, '', '', 'Male', '0000-00-00', NULL, '', '0354'),
(355, 'CABANIT', 'MARK ANDREY', 'GASILOS', '', '', NULL, '', '', '', NULL, NULL, '', '', 'Male', '0000-00-00', NULL, '', '0355'),
(356, 'CABANSAG', 'SABRINA JOY', 'SONIO', '', '', NULL, '', '', '', NULL, NULL, '', '', 'Male', '0000-00-00', NULL, '', '0356'),
(357, 'CABRERA', 'MARK DAVE', 'NA', '', '', NULL, '', '', '', NULL, NULL, '', '', 'Male', '0000-00-00', NULL, '', '0357'),
(358, 'CABUYADAO', 'ROSABEL', 'BAUTISTA', '', '', NULL, '', '', '', NULL, NULL, '', '', 'Male', '0000-00-00', NULL, '', '0358'),
(359, 'CACAS', 'JENNIE-ROSE', 'GROSPE', '', '', NULL, '', '', '', NULL, NULL, '', '', 'Male', '0000-00-00', NULL, '', '0359'),
(360, 'CACAS', 'JESSIE ROSE', 'GROSPE', '', '', NULL, '', '', '', NULL, NULL, '', '', 'Male', '0000-00-00', NULL, '', '0360'),
(361, 'CACHO', 'MICHELLE JOY', 'DALIT', '', '', NULL, '', '', '', NULL, NULL, '', '', 'Male', '0000-00-00', NULL, '', '0361'),
(362, 'CACHO', 'PHILIP AMIEL', 'PERITO', '', '', NULL, '', '', '', NULL, NULL, '', '', 'Male', '0000-00-00', NULL, '', '0362'),
(363, 'CAGABI', 'JOEDALYN', 'LADRAN', '', '', NULL, '', '', '', NULL, NULL, '', '', 'Male', '0000-00-00', NULL, '', '0363'),
(364, 'CAITOR', 'GLEN WAYNE', 'VALDEZ', '', '', NULL, '', '', '', NULL, NULL, '', '', 'Male', '0000-00-00', NULL, '', '0364'),
(365, 'CAJUGAO', 'YBAN FERNANDO', 'SALTARIN', '', '', NULL, '', '', '', NULL, NULL, '', '', 'Male', '0000-00-00', NULL, '', '0365'),
(366, 'CALAGNO', 'LEA', 'DELACRUZ', '', '', NULL, '', '', '', NULL, NULL, '', '', 'Male', '0000-00-00', NULL, '', '0366'),
(367, 'CALAMANAN', 'JERIANNE', 'LASAM', '', '', NULL, '', '', '', NULL, NULL, '', '', 'Male', '0000-00-00', NULL, '', '0367'),
(368, 'CALAMAZA', 'RIOFACIA', 'IGNACIO', '', '', NULL, '', '', '', NULL, NULL, '', '', 'Male', '0000-00-00', NULL, '', '0368'),
(369, 'CALIBUSO', 'RYNA MAE', 'ESPEJO', '', '', NULL, '', '', '', NULL, NULL, '', '', 'Male', '0000-00-00', NULL, '', '0369'),
(370, 'CALLE', 'JAYLORD', 'CABATU', '', '', NULL, '', '', '', NULL, NULL, '', '', 'Male', '0000-00-00', NULL, '', '0370'),
(371, 'CALLE', 'JOHN LESTER', 'GUZMAN', '', '', NULL, '', '', '', NULL, NULL, '', '', 'Male', '0000-00-00', NULL, '', '0371'),
(372, 'CALLE', 'REINALYN', 'BATAG', '', '', NULL, '', '', '', NULL, NULL, '', '', 'Male', '0000-00-00', NULL, '', '0372'),
(373, 'CANCERAN', 'ARJAY', 'FERRER', '', '', NULL, '', '', '', NULL, NULL, '', '', 'Male', '0000-00-00', NULL, '', '0373'),
(374, 'CANCERAN', 'LHORRAINE', 'MINOR', '', '', NULL, '', '', '', NULL, NULL, '', '', 'Male', '0000-00-00', NULL, '', '0374'),
(375, 'CANCERAN', 'MARILEN', 'SANCHEZ', '', '', NULL, '', '', '', NULL, NULL, '', '', 'Male', '0000-00-00', NULL, '', '0375'),
(376, 'CAPINPIN', 'ALYSSA DELOS', 'REYES', '', '', NULL, '', '', '', NULL, NULL, '', '', 'Male', '0000-00-00', NULL, '', '0376'),
(377, 'CARAMAT', 'ISH CHRISTOFF', 'FERNANDEZ', '', '', NULL, '', '', '', NULL, NULL, '', '', 'Male', '0000-00-00', NULL, '', '0377'),
(378, 'CAROLINO', 'SHERWIN', 'ORTIZ', '', '', NULL, '', '', '', NULL, NULL, '', '', 'Male', '0000-00-00', NULL, '', '0378'),
(379, 'CASAURAN', 'ASHLEY', 'SIMPLICIANO', '', '', NULL, '', '', '', NULL, NULL, '', '', 'Male', '0000-00-00', NULL, '', '0379'),
(380, 'CASTILLO', 'ANGEL ROSE', 'ELEFANTE', '', '', NULL, '', '', '', NULL, NULL, '', '', 'Male', '0000-00-00', NULL, '', '0380'),
(381, 'CASTILLO', 'CHRISTIAN PAUL', 'ARCENAS', '', '', NULL, '', '', '', NULL, NULL, '', '', 'Male', '0000-00-00', NULL, '', '0381'),
(382, 'CASTILLO', 'EJAY', 'TABLIAGO', '', '', NULL, '', '', '', NULL, NULL, '', '', 'Male', '0000-00-00', NULL, '', '0382'),
(383, 'CASTILLO', 'FONETH AIRA', 'SOLIMAN', '', '', NULL, '', '', '', NULL, NULL, '', '', 'Male', '0000-00-00', NULL, '', '0383'),
(384, 'CASTILLO', 'JOSHUA', 'ROJAS', '', '', NULL, '', '', '', NULL, NULL, '', '', 'Male', '0000-00-00', NULL, '', '0384'),
(385, 'CASTRO', 'APRIL SHYN', 'LUMABI', '', '', NULL, '', '', '', NULL, NULL, '', '', 'Male', '0000-00-00', NULL, '', '0385'),
(386, 'CATCHO', 'MARINEL', 'DIEGO', '', '', NULL, '', '', '', NULL, NULL, '', '', 'Male', '0000-00-00', NULL, '', '0386'),
(387, 'CAYAT', 'CLARENCE', 'CATCATAN', '', '', NULL, '', '', '', NULL, NULL, '', '', 'Male', '0000-00-00', NULL, '', '0387'),
(388, 'CELIS', 'MA. LUZ BEL', 'ABAYAN', '', '', NULL, '', '', '', NULL, NULL, '', '', 'Male', '0000-00-00', NULL, '', '0388'),
(389, 'CERCADO', 'JAY-ANN', 'DOMINGO', '', '', NULL, '', '', '', NULL, NULL, '', '', 'Male', '0000-00-00', NULL, '', '0389'),
(390, 'CERCADO', 'PATRICK DELA', 'CRUZ', '', '', NULL, '', '', '', NULL, NULL, '', '', 'Male', '0000-00-00', NULL, '', '0390'),
(391, 'CHAN', 'JHAYMAR', 'CABADDU', '', '', NULL, '', '', '', NULL, NULL, '', '', 'Male', '0000-00-00', NULL, '', '0391'),
(392, 'CHUCO', 'RAYVEN LOUIS', 'CORPUZ', '', '', NULL, '', '', '', NULL, NULL, '', '', 'Male', '0000-00-00', NULL, '', '0392'),
(393, 'CODERIAS', 'WILLIE', 'TOLEDO', '', '', NULL, '', '', '', NULL, NULL, '', '', 'Male', '0000-00-00', NULL, '', '0393'),
(394, 'CONCEPCION', 'NIEL BRYAN', 'ESTEVES', '', '', NULL, '', '', '', NULL, NULL, '', '', 'Male', '0000-00-00', NULL, '', '0394'),
(395, 'CORNEL', 'EHLEA MAE', 'MARIÑAS', '', '', NULL, '', '', '', NULL, NULL, '', '', 'Male', '0000-00-00', NULL, '', '0395'),
(396, 'CORPUZ', 'JOHNMARK', 'DAIN', '', '', NULL, '', '', '', NULL, NULL, '', '', 'Male', '0000-00-00', NULL, '', '0396'),
(397, 'CORTEZ', 'RIOMARC PONZIE', 'LEAL', '', '', NULL, '', '', '', NULL, NULL, '', '', 'Male', '0000-00-00', NULL, '', '0397'),
(398, 'COSTALES', 'RUSEL', 'GORERO', '', '', NULL, '', '', '', NULL, NULL, '', '', 'Male', '0000-00-00', NULL, '', '0398');
INSERT INTO `student_applications` (`id`, `lastname`, `firstname`, `middlename`, `course_first_preference`, `course_second_preference`, `track_strand_taken`, `enrollment_status`, `school_last_attended`, `school_address`, `learners_reference_number`, `GWA`, `home_address`, `zip_code`, `sex`, `birthday`, `email_address`, `contact_number`, `exam_pass_code`) VALUES
(399, 'CREILA', 'ELJANE CLAIRE', 'JACINTO', '', '', NULL, '', '', '', NULL, NULL, '', '', 'Male', '0000-00-00', NULL, '', '0399'),
(400, 'CUARESMA', 'NHELLIE ELLAINE', 'HERMANO', '', '', NULL, '', '', '', NULL, NULL, '', '', 'Male', '0000-00-00', NULL, '', '0400'),
(401, 'CUENCO', 'LOVELYN', 'FETALBERO', '', '', NULL, '', '', '', NULL, NULL, '', '', 'Male', '0000-00-00', NULL, '', '0401'),
(402, 'CUNTAPAY', 'JHONVER', 'SORIANO', '', '', NULL, '', '', '', NULL, NULL, '', '', 'Male', '0000-00-00', NULL, '', '0402'),
(403, 'CUYAN', 'TRISHA NICOLE', 'INOCENCIO', '', '', NULL, '', '', '', NULL, NULL, '', '', 'Male', '0000-00-00', NULL, '', '0403'),
(404, 'DACANAY', 'LORENCE', 'MAGRAMO', '', '', NULL, '', '', '', NULL, NULL, '', '', 'Male', '0000-00-00', NULL, '', '0404'),
(405, 'DACCUAD', 'JENNIFER', 'MORALES', '', '', NULL, '', '', '', NULL, NULL, '', '', 'Male', '0000-00-00', NULL, '', '0405'),
(406, 'DACNAS', 'HANCE', 'BALET', '', '', NULL, '', '', '', NULL, NULL, '', '', 'Male', '0000-00-00', NULL, '', '0406'),
(407, 'DACUAG', 'ARIA MAE', 'LIZARDO', '', '', NULL, '', '', '', NULL, NULL, '', '', 'Male', '0000-00-00', NULL, '', '0407'),
(408, 'DACUAG', 'JERSON', 'BAWEC', '', '', NULL, '', '', '', NULL, NULL, '', '', 'Male', '0000-00-00', NULL, '', '0408'),
(409, 'DAGURO', 'AIRAN JOY', 'ANDAYA', '', '', NULL, '', '', '', NULL, NULL, '', '', 'Male', '0000-00-00', NULL, '', '0409'),
(410, 'DALISAY', 'FRIETZEL', 'GLICO', '', '', NULL, '', '', '', NULL, NULL, '', '', 'Male', '0000-00-00', NULL, '', '0410'),
(411, 'DALIT', 'JUNARD', 'SILVA', '', '', NULL, '', '', '', NULL, NULL, '', '', 'Male', '0000-00-00', NULL, '', '0411'),
(412, 'DAÑO', 'ERICKSON', 'BAYANG', '', '', NULL, '', '', '', NULL, NULL, '', '', 'Male', '0000-00-00', NULL, '', '0412'),
(413, 'DE GUZMAN', 'ANNA ROSSANA', 'REPONTE', '', '', NULL, '', '', '', NULL, NULL, '', '', 'Male', '0000-00-00', NULL, '', '0413'),
(414, 'DE GUZMAN', 'JAY MARIE', 'SUMANGIL', '', '', NULL, '', '', '', NULL, NULL, '', '', 'Male', '0000-00-00', NULL, '', '0414'),
(415, 'DE GUZMAN', 'JUNEL', 'VALDEZ', '', '', NULL, '', '', '', NULL, NULL, '', '', 'Male', '0000-00-00', NULL, '', '0415'),
(416, 'DE GUZMAN', 'KRIS MAE', 'PASCUA', '', '', NULL, '', '', '', NULL, NULL, '', '', 'Male', '0000-00-00', NULL, '', '0416'),
(417, 'DE JESUS', 'IVAN PAUL', 'MANIEGO', '', '', NULL, '', '', '', NULL, NULL, '', '', 'Male', '0000-00-00', NULL, '', '0417'),
(418, 'DE LEON', 'MILDRED', 'LAZARO', '', '', NULL, '', '', '', NULL, NULL, '', '', 'Male', '0000-00-00', NULL, '', '0418'),
(419, 'DE LOS SANTOS', 'ART JOHN', 'SAMONTE', '', '', NULL, '', '', '', NULL, NULL, '', '', 'Male', '0000-00-00', NULL, '', '0419'),
(420, 'DELA CRUZ', 'ALEXA MAE', 'BAYOG', '', '', NULL, '', '', '', NULL, NULL, '', '', 'Male', '0000-00-00', NULL, '', '0420'),
(421, 'DELA CRUZ', 'AYESHA HANNAH', 'AGTANG', '', '', NULL, '', '', '', NULL, NULL, '', '', 'Male', '0000-00-00', NULL, '', '0421'),
(422, 'DELA CRUZ', 'ELLAYSA MAE', 'REY', '', '', NULL, '', '', '', NULL, NULL, '', '', 'Male', '0000-00-00', NULL, '', '0422'),
(423, 'DELA CRUZ', 'ROCHELLE', 'GALICIA', '', '', NULL, '', '', '', NULL, NULL, '', '', 'Male', '0000-00-00', NULL, '', '0423'),
(424, 'DELA CRUZ', 'RODNEL', 'SANTOS', '', '', NULL, '', '', '', NULL, NULL, '', '', 'Male', '0000-00-00', NULL, '', '0424'),
(425, 'DELA CUEVA', 'CLIFFORD', 'CABUYADAO', '', '', NULL, '', '', '', NULL, NULL, '', '', 'Male', '0000-00-00', NULL, '', '0425'),
(426, 'DELA ROSA', 'JUDYMARK', 'SALAZAR', '', '', NULL, '', '', '', NULL, NULL, '', '', 'Male', '0000-00-00', NULL, '', '0426'),
(427, 'DELA ROSA', 'RICHLIE', 'TUNGPALAN', '', '', NULL, '', '', '', NULL, NULL, '', '', 'Male', '0000-00-00', NULL, '', '0427'),
(428, 'DELACRUZ', 'JHON LEXTER', 'CONSTANTINO', '', '', NULL, '', '', '', NULL, NULL, '', '', 'Male', '0000-00-00', NULL, '', '0428'),
(429, 'DIZON', 'GIL', 'RAMOS', '', '', NULL, '', '', '', NULL, NULL, '', '', 'Male', '0000-00-00', NULL, '', '0429'),
(430, 'DOCULAN', 'HEART DIMPLE', 'PERALTA', '', '', NULL, '', '', '', NULL, NULL, '', '', 'Male', '0000-00-00', NULL, '', '0430'),
(431, 'DOMINGO', 'ALONA', 'TUQUIB', '', '', NULL, '', '', '', NULL, NULL, '', '', 'Male', '0000-00-00', NULL, '', '0431'),
(432, 'DOMINGO', 'CARL JEIANNE', 'GOMEZ', '', '', NULL, '', '', '', NULL, NULL, '', '', 'Male', '0000-00-00', NULL, '', '0432'),
(433, 'DOMINGO', 'ERWILYN', 'AMISTAD', '', '', NULL, '', '', '', NULL, NULL, '', '', 'Male', '0000-00-00', NULL, '', '0433'),
(434, 'DOMINGO', 'JEMAICAH', 'SARMIENTO', '', '', NULL, '', '', '', NULL, NULL, '', '', 'Male', '0000-00-00', NULL, '', '0434'),
(435, 'DOMINGO', 'PAOLO', 'SORIANO', '', '', NULL, '', '', '', NULL, NULL, '', '', 'Male', '0000-00-00', NULL, '', '0435'),
(436, 'DONAT', 'MARSOLITO', 'CATNGGA', '', '', NULL, '', '', '', NULL, NULL, '', '', 'Male', '0000-00-00', NULL, '', '0436'),
(437, 'DOQUEZ', 'JENARD', 'CABATU', '', '', NULL, '', '', '', NULL, NULL, '', '', 'Male', '0000-00-00', NULL, '', '0437'),
(438, 'DORONIO', 'RHAFFY', 'OSIAS', '', '', NULL, '', '', '', NULL, NULL, '', '', 'Male', '0000-00-00', NULL, '', '0438'),
(439, 'DORUELO', 'PRINCESS MAE', 'GALASI', '', '', NULL, '', '', '', NULL, NULL, '', '', 'Male', '0000-00-00', NULL, '', '0439'),
(440, 'DUCUSIN', 'JAIMEE MARIE', 'VILLANUEVA', '', '', NULL, '', '', '', NULL, NULL, '', '', 'Male', '0000-00-00', NULL, '', '0440'),
(441, 'DUMIRAG', 'HART ANGEL', 'RUIZ', '', '', NULL, '', '', '', NULL, NULL, '', '', 'Male', '0000-00-00', NULL, '', '0441'),
(442, 'EDRADAN', 'REYCHELLE', 'ABAT', '', '', NULL, '', '', '', NULL, NULL, '', '', 'Male', '0000-00-00', NULL, '', '0442'),
(443, 'EDUARDO', 'PRINCE LAWRENCE', 'DOMINGO', '', '', NULL, '', '', '', NULL, NULL, '', '', 'Male', '0000-00-00', NULL, '', '0443'),
(444, 'ESCOBAR', 'GIRLIE', 'BERNARDO', '', '', NULL, '', '', '', NULL, NULL, '', '', 'Male', '0000-00-00', NULL, '', '0444'),
(445, 'ESPEJO', 'LORIE', 'MAY', '', '', NULL, '', '', '', NULL, NULL, '', '', 'Male', '0000-00-00', NULL, '', '0445'),
(446, 'ESPIRITU', 'NATHANIEL', 'DOMINGO', '', '', NULL, '', '', '', NULL, NULL, '', '', 'Male', '0000-00-00', NULL, '', '0446'),
(447, 'ESTABILLO', 'PRINCESS DIANNA', 'PANALIGAN', '', '', NULL, '', '', '', NULL, NULL, '', '', 'Male', '0000-00-00', NULL, '', '0447'),
(448, 'ESTRADA', 'RONALYN MAE', 'ESTRADA', '', '', NULL, '', '', '', NULL, NULL, '', '', 'Male', '0000-00-00', NULL, '', '0448'),
(449, 'EUGENIO', 'JENELLE', 'CHRISTOBAL', '', '', NULL, '', '', '', NULL, NULL, '', '', 'Male', '0000-00-00', NULL, '', '0449'),
(450, 'EUSEBIO', 'REA', 'AQUINO', '', '', NULL, '', '', '', NULL, NULL, '', '', 'Male', '0000-00-00', NULL, '', '0450'),
(451, 'FABROS', 'ALGREN ULYSSES', 'ESPIRITU', '', '', NULL, '', '', '', NULL, NULL, '', '', 'Male', '0000-00-00', NULL, '', '0451'),
(452, 'FACUN', 'EDEN ROSE', 'DOMINCEL', '', '', NULL, '', '', '', NULL, NULL, '', '', 'Male', '0000-00-00', NULL, '', '0452'),
(453, 'FAJARDO', 'CYREEN', 'BAGGAO', '', '', NULL, '', '', '', NULL, NULL, '', '', 'Male', '0000-00-00', NULL, '', '0453'),
(454, 'FAJARDO', 'JAYMARC', 'DULDULAO', '', '', NULL, '', '', '', NULL, NULL, '', '', 'Male', '0000-00-00', NULL, '', '0454'),
(455, 'FANIA', 'MARY JOY', 'GAURAN', '', '', NULL, '', '', '', NULL, NULL, '', '', 'Male', '0000-00-00', NULL, '', '0455'),
(456, 'FARRO', 'RYAN', 'MIGUEL', '', '', NULL, '', '', '', NULL, NULL, '', '', 'Male', '0000-00-00', NULL, '', '0456'),
(457, 'FAUSTINO', 'CESAR', 'DATUL', '', '', NULL, '', '', '', NULL, NULL, '', '', 'Male', '0000-00-00', NULL, '', '0457'),
(458, 'FEBRERO', 'DARYL', 'MODES', '', '', NULL, '', '', '', NULL, NULL, '', '', 'Male', '0000-00-00', NULL, '', '0458'),
(459, 'FELICIANO', 'JEMAR', 'RIVERA', '', '', NULL, '', '', '', NULL, NULL, '', '', 'Male', '0000-00-00', NULL, '', '0459'),
(460, 'FELIPE', 'JAY', 'BELISARIO', '', '', NULL, '', '', '', NULL, NULL, '', '', 'Male', '0000-00-00', NULL, '', '0460'),
(461, 'FERNANDEZ', 'JASMINE', 'CASIM', '', '', NULL, '', '', '', NULL, NULL, '', '', 'Male', '0000-00-00', NULL, '', '0461'),
(462, 'FERNANDEZ', 'JENELYN', 'ALMAYDA', '', '', NULL, '', '', '', NULL, NULL, '', '', 'Male', '0000-00-00', NULL, '', '0462'),
(463, 'FERNANDEZ', 'PRINCESS ANN', 'VERDADERO', '', '', NULL, '', '', '', NULL, NULL, '', '', 'Male', '0000-00-00', NULL, '', '0463'),
(464, 'FLORA', 'PRINCESS ALTHEA', 'MATIAS', '', '', NULL, '', '', '', NULL, NULL, '', '', 'Male', '0000-00-00', NULL, '', '0464'),
(465, 'GACUSAN', 'LOVELHYN MAE', 'PAGULAYAN', '', '', NULL, '', '', '', NULL, NULL, '', '', 'Male', '0000-00-00', NULL, '', '0465'),
(466, 'GAJES', 'RALPH DENVER', 'WAGSOY', '', '', NULL, '', '', '', NULL, NULL, '', '', 'Male', '0000-00-00', NULL, '', '0466'),
(467, 'GAJETE', 'GLADYS GAY', 'GARCIA', '', '', NULL, '', '', '', NULL, NULL, '', '', 'Male', '0000-00-00', NULL, '', '0467'),
(468, 'GAJETE', 'MESHAEEL DELOS', 'SANTOS', '', '', NULL, '', '', '', NULL, NULL, '', '', 'Male', '0000-00-00', NULL, '', '0468'),
(469, 'GALANG', 'JIREH', 'LIWAG', '', '', NULL, '', '', '', NULL, NULL, '', '', 'Male', '0000-00-00', NULL, '', '0469'),
(470, 'GALASI', 'EUNIE JULIAN', 'VIERNES', '', '', NULL, '', '', '', NULL, NULL, '', '', 'Male', '0000-00-00', NULL, '', '0470'),
(471, 'GALINGGAN', 'ROJHAN DAVE', 'DORONIO', '', '', NULL, '', '', '', NULL, NULL, '', '', 'Male', '0000-00-00', NULL, '', '0471'),
(472, 'GALLEGO', 'CARLO ROFINSON', 'GUZMAN', '', '', NULL, '', '', '', NULL, NULL, '', '', 'Male', '0000-00-00', NULL, '', '0472'),
(473, 'GALUT', 'RACHEL MAE', 'TIJADA', '', '', NULL, '', '', '', NULL, NULL, '', '', 'Male', '0000-00-00', NULL, '', '0473'),
(474, 'GAMILO', 'JD', 'SWANSON', '', '', NULL, '', '', '', NULL, NULL, '', '', 'Male', '0000-00-00', NULL, '', '0474'),
(475, 'GANGAN', 'JOCEFEA DE', 'GUZMAN', '', '', NULL, '', '', '', NULL, NULL, '', '', 'Male', '0000-00-00', NULL, '', '0475'),
(476, 'GAOIRAN', 'JEREMY DELOS', 'REYES', '', '', NULL, '', '', '', NULL, NULL, '', '', 'Male', '0000-00-00', NULL, '', '0476'),
(477, 'GARCIA', 'KYLA MAE', 'ALMASAN', '', '', NULL, '', '', '', NULL, NULL, '', '', 'Male', '0000-00-00', NULL, '', '0477'),
(478, 'GARCIA', 'RHESALYN', 'MINA', '', '', NULL, '', '', '', NULL, NULL, '', '', 'Male', '0000-00-00', NULL, '', '0478'),
(479, 'GARCIA', 'RODOLFO', 'AGUYAOY', '', '', NULL, '', '', '', NULL, NULL, '', '', 'Male', '0000-00-00', NULL, '', '0479'),
(480, 'GASMIN', 'CARLA JANE', 'REGALA', '', '', NULL, '', '', '', NULL, NULL, '', '', 'Male', '0000-00-00', NULL, '', '0480'),
(481, 'GATCHE', 'CHRISTIAN DAVE', 'CASTRO', '', '', NULL, '', '', '', NULL, NULL, '', '', 'Male', '0000-00-00', NULL, '', '0481'),
(482, 'GATCHO', 'REYNALDO', 'SARMIENTO', '', '', NULL, '', '', '', NULL, NULL, '', '', 'Male', '0000-00-00', NULL, '', '0482'),
(483, 'GATUZ', 'JAMESKENNETH', 'GELADRINO', '', '', NULL, '', '', '', NULL, NULL, '', '', 'Male', '0000-00-00', NULL, '', '0483'),
(484, 'GAUDAN', 'GODWIN', 'ATET-ENG', '', '', NULL, '', '', '', NULL, NULL, '', '', 'Male', '0000-00-00', NULL, '', '0484'),
(485, 'GAUIRAN', 'PRECIOUS ORANGES', 'VALMORIDA', '', '', NULL, '', '', '', NULL, NULL, '', '', 'Male', '0000-00-00', NULL, '', '0485'),
(486, 'GAYO', 'ALEXIS', 'APOSTOL', '', '', NULL, '', '', '', NULL, NULL, '', '', 'Male', '0000-00-00', NULL, '', '0486'),
(487, 'GINEZ', 'LAURENCE JAY', 'RECCION', '', '', NULL, '', '', '', NULL, NULL, '', '', 'Male', '0000-00-00', NULL, '', '0487'),
(488, 'GODOY', 'ALYZA', 'PADUA', '', '', NULL, '', '', '', NULL, NULL, '', '', 'Male', '0000-00-00', NULL, '', '0488'),
(489, 'GOMEZ', 'PAULEEN', 'MAE', '', '', NULL, '', '', '', NULL, NULL, '', '', 'Male', '0000-00-00', NULL, '', '0489'),
(490, 'GONZAGA', 'COLYN DE', 'GUZMAN', '', '', NULL, '', '', '', NULL, NULL, '', '', 'Male', '0000-00-00', NULL, '', '0490'),
(491, 'GONZALES', 'CHARITY MAE', 'LABAUSA', '', '', NULL, '', '', '', NULL, NULL, '', '', 'Male', '0000-00-00', NULL, '', '0491'),
(492, 'GONZALES', 'JOHN MICHAEL', 'MATIAS', '', '', NULL, '', '', '', NULL, NULL, '', '', 'Male', '0000-00-00', NULL, '', '0492'),
(493, 'GOROSPE', 'LANCE AUSTIN', 'RUBIS', '', '', NULL, '', '', '', NULL, NULL, '', '', 'Male', '0000-00-00', NULL, '', '0493'),
(494, 'GOSI', 'JOHN PAUL', 'REYES', '', '', NULL, '', '', '', NULL, NULL, '', '', 'Male', '0000-00-00', NULL, '', '0494'),
(495, 'GRAGASIN', 'JAMES', 'TOLATO', '', '', NULL, '', '', '', NULL, NULL, '', '', 'Male', '0000-00-00', NULL, '', '0495'),
(496, 'GUEVARRA', 'RUSSEL JAY', 'VILLEGAS', '', '', NULL, '', '', '', NULL, NULL, '', '', 'Male', '0000-00-00', NULL, '', '0496'),
(497, 'GUIO', 'GILMAR', 'BULUSAN', '', '', NULL, '', '', '', NULL, NULL, '', '', 'Male', '0000-00-00', NULL, '', '0497'),
(498, 'GUIRING', 'IAN', 'PARATSA', '', '', NULL, '', '', '', NULL, NULL, '', '', 'Male', '0000-00-00', NULL, '', '0498'),
(499, 'GUISDAN', 'ZHINAMAR', 'INIEGO', '', '', NULL, '', '', '', NULL, NULL, '', '', 'Male', '0000-00-00', NULL, '', '0499'),
(500, 'GUMARU', 'ALYSSA', 'PAUAL', '', '', NULL, '', '', '', NULL, NULL, '', '', 'Male', '0000-00-00', NULL, '', '0500'),
(501, 'GUZMAN', 'DANICA', 'CABADDU', '', '', NULL, '', '', '', NULL, NULL, '', '', 'Male', '0000-00-00', NULL, '', '0501'),
(502, 'GUZMAN', 'JANICE', 'ESTEBAN', '', '', NULL, '', '', '', NULL, NULL, '', '', 'Male', '0000-00-00', NULL, '', '0502'),
(503, 'GUZMAN', 'MARIBETH', 'CORPUZ', '', '', NULL, '', '', '', NULL, NULL, '', '', 'Male', '0000-00-00', NULL, '', '0503'),
(504, 'HIDALGO', 'JERICHO', 'CERCADO', '', '', NULL, '', '', '', NULL, NULL, '', '', 'Male', '0000-00-00', NULL, '', '0504'),
(505, 'IBAÑEZ', 'GLENN', 'CORPUZ', '', '', NULL, '', '', '', NULL, NULL, '', '', 'Male', '0000-00-00', NULL, '', '0505'),
(506, 'IBUYAT', 'FERNALYN', 'MAURICIO', '', '', NULL, '', '', '', NULL, NULL, '', '', 'Male', '0000-00-00', NULL, '', '0506'),
(507, 'IDICA', 'ANALYN MAE', 'ANCHETA', '', '', NULL, '', '', '', NULL, NULL, '', '', 'Male', '0000-00-00', NULL, '', '0507'),
(508, 'IGNACIO', 'KINGJADE', 'VALENCIA', '', '', NULL, '', '', '', NULL, NULL, '', '', 'Male', '0000-00-00', NULL, '', '0508'),
(509, 'IGNACIO', 'SUNSHINE', 'REVOLLEDO', '', '', NULL, '', '', '', NULL, NULL, '', '', 'Male', '0000-00-00', NULL, '', '0509'),
(510, 'ILIGAN', 'LUIGI', 'PAMITTAN', '', '', NULL, '', '', '', NULL, NULL, '', '', 'Male', '0000-00-00', NULL, '', '0510'),
(511, 'IMRAN', 'MOHAMMAD IJAZ', 'JAVIER', '', '', NULL, '', '', '', NULL, NULL, '', '', 'Male', '0000-00-00', NULL, '', '0511'),
(512, 'JACINTO', 'JASPHER', 'B', '', '', NULL, '', '', '', NULL, NULL, '', '', 'Male', '0000-00-00', NULL, '', '0512'),
(513, 'JACINTO', 'JEMRIX', 'A', '', '', NULL, '', '', '', NULL, NULL, '', '', 'Male', '0000-00-00', NULL, '', '0513'),
(514, 'JACOBEN', 'MARIALYN', 'MINA', '', '', NULL, '', '', '', NULL, NULL, '', '', 'Male', '0000-00-00', NULL, '', '0514'),
(515, 'JAVIER', 'JOROSS', 'RIGOR', '', '', NULL, '', '', '', NULL, NULL, '', '', 'Male', '0000-00-00', NULL, '', '0515'),
(516, 'JAYAWON', 'CHRISTIAN JHORO', 'DOMINGO', '', '', NULL, '', '', '', NULL, NULL, '', '', 'Male', '0000-00-00', NULL, '', '0516'),
(517, 'JIMENEZ', 'BABY JANE', 'PALSIMON', '', '', NULL, '', '', '', NULL, NULL, '', '', 'Male', '0000-00-00', NULL, '', '0517'),
(518, 'JULIAN', 'RANNY DE', 'GUZMAN', '', '', NULL, '', '', '', NULL, NULL, '', '', 'Male', '0000-00-00', NULL, '', '0518'),
(519, 'LACAMBRA', 'REINEL JAMES', 'DUMINCEL', '', '', NULL, '', '', '', NULL, NULL, '', '', 'Male', '0000-00-00', NULL, '', '0519'),
(520, 'LAGASCA', 'NELMER', 'RETRATO', '', '', NULL, '', '', '', NULL, NULL, '', '', 'Male', '0000-00-00', NULL, '', '0520'),
(521, 'LAGUISMA', 'JIN WYNE', 'ASPREC', '', '', NULL, '', '', '', NULL, NULL, '', '', 'Male', '0000-00-00', NULL, '', '0521'),
(522, 'LAMIS', 'JAMES LOUISE', 'BINUYA', '', '', NULL, '', '', '', NULL, NULL, '', '', 'Male', '0000-00-00', NULL, '', '0522'),
(523, 'LAPUENTE', 'JOVEN', 'CACAL', '', '', NULL, '', '', '', NULL, NULL, '', '', 'Male', '0000-00-00', NULL, '', '0523'),
(524, 'LAPUZ', 'ROSELYN ANNE', 'AFALLA', '', '', NULL, '', '', '', NULL, NULL, '', '', 'Male', '0000-00-00', NULL, '', '0524'),
(525, 'LAURETA', 'ZEINER', 'BUNCAG', '', '', NULL, '', '', '', NULL, NULL, '', '', 'Male', '0000-00-00', NULL, '', '0525'),
(526, 'LAYOS', 'JASMINE ANGELA', 'PADRE', '', '', NULL, '', '', '', NULL, NULL, '', '', 'Male', '0000-00-00', NULL, '', '0526'),
(527, 'LAYOS', 'JHORYLL', 'DAGURO', '', '', NULL, '', '', '', NULL, NULL, '', '', 'Male', '0000-00-00', NULL, '', '0527'),
(528, 'LAYUGAN', 'JORDAN', 'LINAGGA', '', '', NULL, '', '', '', NULL, NULL, '', '', 'Male', '0000-00-00', NULL, '', '0528'),
(529, 'LAZARO', 'ERWIN RICHMOND', 'ABAD', '', '', NULL, '', '', '', NULL, NULL, '', '', 'Male', '0000-00-00', NULL, '', '0529'),
(530, 'LAZO', 'MARK JUSTINE', 'SERIEGAN', '', '', NULL, '', '', '', NULL, NULL, '', '', 'Male', '0000-00-00', NULL, '', '0530'),
(531, 'LEONARDO', 'NIÑO', 'GABRIEL', '', '', NULL, '', '', '', NULL, NULL, '', '', 'Male', '0000-00-00', NULL, '', '0531'),
(532, 'LERON', 'JOSHUA', 'GINES', '', '', NULL, '', '', '', NULL, NULL, '', '', 'Male', '0000-00-00', NULL, '', '0532'),
(533, 'LICO', 'DIAN', 'PACORSA', '', '', NULL, '', '', '', NULL, NULL, '', '', 'Male', '0000-00-00', NULL, '', '0533'),
(534, 'LIMON', 'REYMART', 'MIRANDA', '', '', NULL, '', '', '', NULL, NULL, '', '', 'Male', '0000-00-00', NULL, '', '0534'),
(535, 'LLEGAD', 'MARK ANTHONY', 'ROSIETE', '', '', NULL, '', '', '', NULL, NULL, '', '', 'Male', '0000-00-00', NULL, '', '0535'),
(536, 'LOMBOY', 'CELLO DOLL', 'GRAGASIN', '', '', NULL, '', '', '', NULL, NULL, '', '', 'Male', '0000-00-00', NULL, '', '0536'),
(537, 'LOPEZ', 'ANGELA', 'GREGORIO', '', '', NULL, '', '', '', NULL, NULL, '', '', 'Male', '0000-00-00', NULL, '', '0537'),
(538, 'LOPEZ', 'RICHARD', 'RICO', '', '', NULL, '', '', '', NULL, NULL, '', '', 'Male', '0000-00-00', NULL, '', '0538'),
(539, 'LUCAS', 'ALEXA MAE', 'ADORIO', '', '', NULL, '', '', '', NULL, NULL, '', '', 'Male', '0000-00-00', NULL, '', '0539'),
(540, 'LUCERO', 'MICHAEL', 'VALDEZ', '', '', NULL, '', '', '', NULL, NULL, '', '', 'Male', '0000-00-00', NULL, '', '0540'),
(541, 'MABAZZA', 'ALDRIN', 'LAGURA', '', '', NULL, '', '', '', NULL, NULL, '', '', 'Male', '0000-00-00', NULL, '', '0541'),
(542, 'MABUTI', 'JILIAN', 'VASALLO', '', '', NULL, '', '', '', NULL, NULL, '', '', 'Male', '0000-00-00', NULL, '', '0542'),
(543, 'MACALINAO', 'GRACEEY', 'CORPUZ', '', '', NULL, '', '', '', NULL, NULL, '', '', 'Male', '0000-00-00', NULL, '', '0543'),
(544, 'MACALLING', 'JHUN', 'LABAO', '', '', NULL, '', '', '', NULL, NULL, '', '', 'Male', '0000-00-00', NULL, '', '0544'),
(545, 'MACANAS', 'SHARON', 'MARCOS', '', '', NULL, '', '', '', NULL, NULL, '', '', 'Male', '0000-00-00', NULL, '', '0545'),
(546, 'MACKAY', 'RAINIAN PAUL', 'CORPUZ', '', '', NULL, '', '', '', NULL, NULL, '', '', 'Male', '0000-00-00', NULL, '', '0546'),
(547, 'MADARANG', 'JIAN RHED', 'MADARANG', '', '', NULL, '', '', '', NULL, NULL, '', '', 'Male', '0000-00-00', NULL, '', '0547'),
(548, 'MAGDAMIT', 'RENAN VIDAL', 'VIDAL', '', '', NULL, '', '', '', NULL, NULL, '', '', 'Male', '0000-00-00', NULL, '', '0548'),
(549, 'MAGUDDAYAO', 'SAMUEL', 'BUSCA', '', '', NULL, '', '', '', NULL, NULL, '', '', 'Male', '0000-00-00', NULL, '', '0549'),
(550, 'MALABAD', 'REAMEY', 'N-A', '', '', NULL, '', '', '', NULL, NULL, '', '', 'Male', '0000-00-00', NULL, '', '0550'),
(551, 'MALBAS', 'JOFFER', 'MAGITLING', '', '', NULL, '', '', '', NULL, NULL, '', '', 'Male', '0000-00-00', NULL, '', '0551'),
(552, 'MALLILLIN', 'JOSHUA', 'ZIPAGAN', '', '', NULL, '', '', '', NULL, NULL, '', '', 'Male', '0000-00-00', NULL, '', '0552'),
(553, 'MAMUAD', 'AHLJANE JAKE', 'MAGAOAY', '', '', NULL, '', '', '', NULL, NULL, '', '', 'Male', '0000-00-00', NULL, '', '0553'),
(554, 'MAMUAD', 'REVEL', 'MATIAS', '', '', NULL, '', '', '', NULL, NULL, '', '', 'Male', '0000-00-00', NULL, '', '0554'),
(555, 'MAMUNGAY', 'LEOMAR', 'PABLACIO', '', '', NULL, '', '', '', NULL, NULL, '', '', 'Male', '0000-00-00', NULL, '', '0555'),
(556, 'MANALILI', 'ALVIN JHON', 'PAGUYO', '', '', NULL, '', '', '', NULL, NULL, '', '', 'Male', '0000-00-00', NULL, '', '0556'),
(557, 'MANANZAN', 'REYNALD', 'ALVAREZ', '', '', NULL, '', '', '', NULL, NULL, '', '', 'Male', '0000-00-00', NULL, '', '0557'),
(558, 'MANEJA', 'ROSELYN', 'DOMINGO', '', '', NULL, '', '', '', NULL, NULL, '', '', 'Male', '0000-00-00', NULL, '', '0558'),
(559, 'MANIPON', 'MICO LEMUEL', 'JAVIER', '', '', NULL, '', '', '', NULL, NULL, '', '', 'Male', '0000-00-00', NULL, '', '0559'),
(560, 'MANSIBANG', 'ROSECAR', 'BARCELO', '', '', NULL, '', '', '', NULL, NULL, '', '', 'Male', '0000-00-00', NULL, '', '0560'),
(561, 'MANUEL', 'DANICA', 'PAGKALINAWAN', '', '', NULL, '', '', '', NULL, NULL, '', '', 'Male', '0000-00-00', NULL, '', '0561'),
(562, 'MANZANO', 'JONATHAN', 'DULAY', '', '', NULL, '', '', '', NULL, NULL, '', '', 'Male', '0000-00-00', NULL, '', '0562'),
(563, 'MARANION', 'JAMILLE', 'TULIAO', '', '', NULL, '', '', '', NULL, NULL, '', '', 'Male', '0000-00-00', NULL, '', '0563'),
(564, 'MARCOS', 'LHORELYN', 'BULACLAC', '', '', NULL, '', '', '', NULL, NULL, '', '', 'Male', '0000-00-00', NULL, '', '0564'),
(565, 'MARIANO', 'CARLA', 'SALES', '', '', NULL, '', '', '', NULL, NULL, '', '', 'Male', '0000-00-00', NULL, '', '0565'),
(566, 'MARIANO', 'CHRISTIAN KYLE', 'ORING', '', '', NULL, '', '', '', NULL, NULL, '', '', 'Male', '0000-00-00', NULL, '', '0566'),
(567, 'MARQUEZ', 'CATHERINE', 'NAVARETTE', '', '', NULL, '', '', '', NULL, NULL, '', '', 'Male', '0000-00-00', NULL, '', '0567'),
(568, 'MARULLO', 'MARIA MARIE', 'DIEGO', '', '', NULL, '', '', '', NULL, NULL, '', '', 'Male', '0000-00-00', NULL, '', '0568'),
(569, 'MARZAN', 'CARL VINCENT', 'PARAISO', '', '', NULL, '', '', '', NULL, NULL, '', '', 'Male', '0000-00-00', NULL, '', '0569'),
(570, 'MATA', 'GABRIEL', 'ROBLES', '', '', NULL, '', '', '', NULL, NULL, '', '', 'Male', '0000-00-00', NULL, '', '0570'),
(571, 'MATALANG', 'JERLYN', 'ZALUN', '', '', NULL, '', '', '', NULL, NULL, '', '', 'Male', '0000-00-00', NULL, '', '0571'),
(572, 'MATEO', 'ARCHIE', 'TOBIA', '', '', NULL, '', '', '', NULL, NULL, '', '', 'Male', '0000-00-00', NULL, '', '0572'),
(573, 'MEDRANO', 'JOANA MARIE', 'TALLEDO', '', '', NULL, '', '', '', NULL, NULL, '', '', 'Male', '0000-00-00', NULL, '', '0573'),
(574, 'MEDRANO', 'JUSTINE DELA', 'CRUZ', '', '', NULL, '', '', '', NULL, NULL, '', '', 'Male', '0000-00-00', NULL, '', '0574'),
(575, 'MEJIA', 'ASHLEY', 'MAGDAY', '', '', NULL, '', '', '', NULL, NULL, '', '', 'Male', '0000-00-00', NULL, '', '0575'),
(576, 'MENESES', 'ANGEL ANNE', 'ALZATE', '', '', NULL, '', '', '', NULL, NULL, '', '', 'Male', '0000-00-00', NULL, '', '0576'),
(577, 'MENSALVAS', 'RHEA DHEL', 'VELASCO', '', '', NULL, '', '', '', NULL, NULL, '', '', 'Male', '0000-00-00', NULL, '', '0577'),
(578, 'MERCADO', 'RYAN PAUL', 'IGOT', '', '', NULL, '', '', '', NULL, NULL, '', '', 'Male', '0000-00-00', NULL, '', '0578'),
(579, 'MICLAT', 'MARINELLE', 'CATACUTAN', '', '', NULL, '', '', '', NULL, NULL, '', '', 'Male', '0000-00-00', NULL, '', '0579'),
(580, 'MICLAT', 'ROGIEMAR', 'EUSEBIO', '', '', NULL, '', '', '', NULL, NULL, '', '', 'Male', '0000-00-00', NULL, '', '0580'),
(581, 'MIGUEL', 'DAISYLYN', 'BUENAVENTURA', '', '', NULL, '', '', '', NULL, NULL, '', '', 'Male', '0000-00-00', NULL, '', '0581'),
(582, 'MIGUEL', 'JEZEN ROSE', 'GILO', '', '', NULL, '', '', '', NULL, NULL, '', '', 'Male', '0000-00-00', NULL, '', '0582'),
(583, 'MIGUEL', 'JOHN RAYMOND', 'SALAZAR', '', '', NULL, '', '', '', NULL, NULL, '', '', 'Male', '0000-00-00', NULL, '', '0583'),
(584, 'MIGUEL', 'LYMAR', 'JUAN', '', '', NULL, '', '', '', NULL, NULL, '', '', 'Male', '0000-00-00', NULL, '', '0584'),
(585, 'MILLA', 'LEA', 'GALUPE', '', '', NULL, '', '', '', NULL, NULL, '', '', 'Male', '0000-00-00', NULL, '', '0585'),
(586, 'MILLAN', 'ANA MARIE', 'PARAYNO', '', '', NULL, '', '', '', NULL, NULL, '', '', 'Male', '0000-00-00', NULL, '', '0586'),
(587, 'MIMBAN', 'DEFFLEPPARD', 'MATEO', '', '', NULL, '', '', '', NULL, NULL, '', '', 'Male', '0000-00-00', NULL, '', '0587'),
(588, 'MOLINA', 'KYSHA', 'PADILLA', '', '', NULL, '', '', '', NULL, NULL, '', '', 'Male', '0000-00-00', NULL, '', '0588'),
(589, 'MOLINA', 'PRECIOUS JOY', 'AGCAOILI', '', '', NULL, '', '', '', NULL, NULL, '', '', 'Male', '0000-00-00', NULL, '', '0589'),
(590, 'MOLINA', 'VENGIE', 'CUIZON', '', '', NULL, '', '', '', NULL, NULL, '', '', 'Male', '0000-00-00', NULL, '', '0590'),
(591, 'MONTEMAYOR', 'JANELLE', 'LIBERATO', '', '', NULL, '', '', '', NULL, NULL, '', '', 'Male', '0000-00-00', NULL, '', '0591'),
(592, 'MONTEMAYOR', 'JILLIAN', 'GALLEGO', '', '', NULL, '', '', '', NULL, NULL, '', '', 'Male', '0000-00-00', NULL, '', '0592'),
(593, 'MONTERUBIO', 'TRICIA MAE', 'INSO', '', '', NULL, '', '', '', NULL, NULL, '', '', 'Male', '0000-00-00', NULL, '', '0593'),
(594, 'MONTOYA', 'ZAIRA', 'PARAS', '', '', NULL, '', '', '', NULL, NULL, '', '', 'Male', '0000-00-00', NULL, '', '0594'),
(595, 'MORA', 'PRINCESS JOY', 'VALDEZ', '', '', NULL, '', '', '', NULL, NULL, '', '', 'Male', '0000-00-00', NULL, '', '0595'),
(596, 'MORALES', 'JHON DAVE', 'LUMILAN', '', '', NULL, '', '', '', NULL, NULL, '', '', 'Male', '0000-00-00', NULL, '', '0596'),
(597, 'MOTEA', 'HONEY GRACE', 'CASTAÑEDA', '', '', NULL, '', '', '', NULL, NULL, '', '', 'Male', '0000-00-00', NULL, '', '0597'),
(598, 'MUÑOZ', 'JEFFERSON', 'CABARLES', '', '', NULL, '', '', '', NULL, NULL, '', '', 'Male', '0000-00-00', NULL, '', '0598'),
(599, 'NACNAC', 'SANDARA DE', 'GUZMAN', '', '', NULL, '', '', '', NULL, NULL, '', '', 'Male', '0000-00-00', NULL, '', '0599'),
(600, 'NARAG', 'JUDEA', 'DAWAYAN', '', '', NULL, '', '', '', NULL, NULL, '', '', 'Male', '0000-00-00', NULL, '', '0600'),
(601, 'NATIVIDAD', 'ANGEL', 'SAGUN', '', '', NULL, '', '', '', NULL, NULL, '', '', 'Male', '0000-00-00', NULL, '', '0601'),
(602, 'NATIVIDAD', 'FERNAND', 'BASIL', '', '', NULL, '', '', '', NULL, NULL, '', '', 'Male', '0000-00-00', NULL, '', '0602'),
(603, 'NATIVIDAD', 'SHERILYN ROSE DEL', 'ROSARIO', '', '', NULL, '', '', '', NULL, NULL, '', '', 'Male', '0000-00-00', NULL, '', '0603'),
(604, 'NAZARENO', 'LAZARO', 'FONTANILLA', '', '', NULL, '', '', '', NULL, NULL, '', '', 'Male', '0000-00-00', NULL, '', '0604'),
(605, 'NERU', 'KEVIN', 'DIZON', '', '', NULL, '', '', '', NULL, NULL, '', '', 'Male', '0000-00-00', NULL, '', '0605'),
(606, 'NICOLAS', 'KESZIA', 'MARZAN', '', '', NULL, '', '', '', NULL, NULL, '', '', 'Male', '0000-00-00', NULL, '', '0606'),
(607, 'NIGOS', 'JOHN LLOYD DELOS', 'REYES', '', '', NULL, '', '', '', NULL, NULL, '', '', 'Male', '0000-00-00', NULL, '', '0607'),
(608, 'NIGOS', 'ROMULO', 'SONICO', '', '', NULL, '', '', '', NULL, NULL, '', '', 'Male', '0000-00-00', NULL, '', '0608'),
(609, 'NORTADO', 'CRISTAL JANE', 'QUEDDING', '', '', NULL, '', '', '', NULL, NULL, '', '', 'Male', '0000-00-00', NULL, '', '0609'),
(610, 'NOVAL', 'KRIZIA JHEM', 'PURISIMA', '', '', NULL, '', '', '', NULL, NULL, '', '', 'Male', '0000-00-00', NULL, '', '0610'),
(611, 'NUÑEZ', 'KYLA', 'ESCAPULAR', '', '', NULL, '', '', '', NULL, NULL, '', '', 'Male', '0000-00-00', NULL, '', '0611'),
(612, 'OBANAN', 'LADY ELAIZA', 'MAYO', '', '', NULL, '', '', '', NULL, NULL, '', '', 'Male', '0000-00-00', NULL, '', '0612'),
(613, 'OBERO', 'DANIELA', 'ANGCON', '', '', NULL, '', '', '', NULL, NULL, '', '', 'Male', '0000-00-00', NULL, '', '0613'),
(614, 'OBSANIA', 'DESIREE', 'AGONOY', '', '', NULL, '', '', '', NULL, NULL, '', '', 'Male', '0000-00-00', NULL, '', '0614'),
(615, 'OMILLO', 'JULIE ANNE', 'SALIM', '', '', NULL, '', '', '', NULL, NULL, '', '', 'Male', '0000-00-00', NULL, '', '0615'),
(616, 'OPEÑA', 'MYRA JOY', 'BAQUIRAN', '', '', NULL, '', '', '', NULL, NULL, '', '', 'Male', '0000-00-00', NULL, '', '0616'),
(617, 'OPOLINTO', 'NOEL', 'MANUEL', '', '', NULL, '', '', '', NULL, NULL, '', '', 'Male', '0000-00-00', NULL, '', '0617'),
(618, 'OSIAS', 'JASHLEE JOY', 'BUGUINA', '', '', NULL, '', '', '', NULL, NULL, '', '', 'Male', '0000-00-00', NULL, '', '0618'),
(619, 'PABLO', 'MAEFLOR', 'GAMENG', '', '', NULL, '', '', '', NULL, NULL, '', '', 'Male', '0000-00-00', NULL, '', '0619'),
(620, 'PADUA', 'LAIZA MAE', 'DAWAYAN', '', '', NULL, '', '', '', NULL, NULL, '', '', 'Male', '0000-00-00', NULL, '', '0620'),
(621, 'PADUA', 'LHEMAR', 'GADAYOS', '', '', NULL, '', '', '', NULL, NULL, '', '', 'Male', '0000-00-00', NULL, '', '0621'),
(622, 'PAGADUAN', 'APOLLO', 'JAVIER', '', '', NULL, '', '', '', NULL, NULL, '', '', 'Male', '0000-00-00', NULL, '', '0622'),
(623, 'PAGUIRIGAN', 'JELIAN', 'EUGENIO', '', '', NULL, '', '', '', NULL, NULL, '', '', 'Male', '0000-00-00', NULL, '', '0623'),
(624, 'PALAPUZ', 'ELMER', 'MAMASPAS', '', '', NULL, '', '', '', NULL, NULL, '', '', 'Male', '0000-00-00', NULL, '', '0624'),
(625, 'PALICPIC', 'JOHN REY DEL', 'ROSARIO', '', '', NULL, '', '', '', NULL, NULL, '', '', 'Male', '0000-00-00', NULL, '', '0625'),
(626, 'PANGANIBAN', 'JEANELLE', 'APAN', '', '', NULL, '', '', '', NULL, NULL, '', '', 'Male', '0000-00-00', NULL, '', '0626'),
(627, 'PAR', 'LEANN DELA', 'CRUZ', '', '', NULL, '', '', '', NULL, NULL, '', '', 'Male', '0000-00-00', NULL, '', '0627'),
(628, 'PARANGAN', 'NOEMIE ANN', 'HIDALGO', '', '', NULL, '', '', '', NULL, NULL, '', '', 'Male', '0000-00-00', NULL, '', '0628'),
(629, 'PARTIBLE', 'SHARA MAE', 'BAUI', '', '', NULL, '', '', '', NULL, NULL, '', '', 'Male', '0000-00-00', NULL, '', '0629'),
(630, 'PASCUA', 'ERICA', 'DELACRUZ', '', '', NULL, '', '', '', NULL, NULL, '', '', 'Male', '0000-00-00', NULL, '', '0630'),
(631, 'PASCUA', 'GINALYN', 'LIBAO', '', '', NULL, '', '', '', NULL, NULL, '', '', 'Male', '0000-00-00', NULL, '', '0631'),
(632, 'PASCUA', 'MICHELLE', 'JIMENEZ', '', '', NULL, '', '', '', NULL, NULL, '', '', 'Male', '0000-00-00', NULL, '', '0632'),
(633, 'PASCUAL', 'JESSA MAE', 'PANAG', '', '', NULL, '', '', '', NULL, NULL, '', '', 'Male', '0000-00-00', NULL, '', '0633'),
(634, 'PASCUAL', 'JOFREY', 'MADARANG', '', '', NULL, '', '', '', NULL, NULL, '', '', 'Male', '0000-00-00', NULL, '', '0634'),
(635, 'PASCUAL', 'MONICA', 'PABLO', '', '', NULL, '', '', '', NULL, NULL, '', '', 'Male', '0000-00-00', NULL, '', '0635'),
(636, 'PASCUAL', 'PIOLO', 'GREGORIO', '', '', NULL, '', '', '', NULL, NULL, '', '', 'Male', '0000-00-00', NULL, '', '0636'),
(637, 'PASCUAL', 'VEASEIH', 'CABERO', '', '', NULL, '', '', '', NULL, NULL, '', '', 'Male', '0000-00-00', NULL, '', '0637'),
(638, 'PATAD', 'JESICCA', 'DOMINGO', '', '', NULL, '', '', '', NULL, NULL, '', '', 'Male', '0000-00-00', NULL, '', '0638'),
(639, 'PATTAN', 'DANILO', 'MAGITLING', '', '', NULL, '', '', '', NULL, NULL, '', '', 'Male', '0000-00-00', NULL, '', '0639'),
(640, 'PAULO', 'SHAINE DAISYRIE', 'BALIMBIN', '', '', NULL, '', '', '', NULL, NULL, '', '', 'Male', '0000-00-00', NULL, '', '0640'),
(641, 'PAYAQUI', 'SHIENA', 'RODRIGUEZ', '', '', NULL, '', '', '', NULL, NULL, '', '', 'Male', '0000-00-00', NULL, '', '0641'),
(642, 'PENGCO', 'NICOLE', 'ABALOS', '', '', NULL, '', '', '', NULL, NULL, '', '', 'Male', '0000-00-00', NULL, '', '0642'),
(643, 'PERALTA', 'DAINE IRISH', 'PREZA', '', '', NULL, '', '', '', NULL, NULL, '', '', 'Male', '0000-00-00', NULL, '', '0643'),
(644, 'PERALTA', 'JONALYN', 'CACHO', '', '', NULL, '', '', '', NULL, NULL, '', '', 'Male', '0000-00-00', NULL, '', '0644'),
(645, 'PETINES', 'VINCENT', 'ORGEN', '', '', NULL, '', '', '', NULL, NULL, '', '', 'Male', '0000-00-00', NULL, '', '0645'),
(646, 'PIMENTEL', 'PRECIOUS MITA', 'GARCIA', '', '', NULL, '', '', '', NULL, NULL, '', '', 'Male', '0000-00-00', NULL, '', '0646'),
(647, 'PINTOR', 'KYLA,SOPHIA,MAE', 'BUMANGLAG', '', '', NULL, '', '', '', NULL, NULL, '', '', 'Male', '0000-00-00', NULL, '', '0647'),
(648, 'PLACIDO', 'ELNA', 'MARIANO', '', '', NULL, '', '', '', NULL, NULL, '', '', 'Male', '0000-00-00', NULL, '', '0648'),
(649, 'PLACIDO', 'KATHLEA', 'REYES', '', '', NULL, '', '', '', NULL, NULL, '', '', 'Male', '0000-00-00', NULL, '', '0649'),
(650, 'POBRE', 'PRINCETON ACE', 'BARELA', '', '', NULL, '', '', '', NULL, NULL, '', '', 'Male', '0000-00-00', NULL, '', '0650'),
(651, 'PONCE', 'HYLENE', 'APELADO', '', '', NULL, '', '', '', NULL, NULL, '', '', 'Male', '0000-00-00', NULL, '', '0651'),
(652, 'PONCE', 'KRISHA MAE', 'PERALTA', '', '', NULL, '', '', '', NULL, NULL, '', '', 'Male', '0000-00-00', NULL, '', '0652'),
(653, 'PONSICA', 'RONNIE', 'SORIANO', '', '', NULL, '', '', '', NULL, NULL, '', '', 'Male', '0000-00-00', NULL, '', '0653'),
(654, 'PRADO', 'OLIVER', 'UBALDO', '', '', NULL, '', '', '', NULL, NULL, '', '', 'Male', '0000-00-00', NULL, '', '0654'),
(655, 'PRADO', 'SEHM', 'TUMBAGA', '', '', NULL, '', '', '', NULL, NULL, '', '', 'Male', '0000-00-00', NULL, '', '0655'),
(656, 'PRINCIPE', 'JENNY', 'EUGENIO', '', '', NULL, '', '', '', NULL, NULL, '', '', 'Male', '0000-00-00', NULL, '', '0656'),
(657, 'RABOR', 'RENDLE JOHN', 'BUTED', '', '', NULL, '', '', '', NULL, NULL, '', '', 'Male', '0000-00-00', NULL, '', '0657'),
(658, 'RAGUAL', 'JUSTINE DAVE', 'TERRENAL', '', '', NULL, '', '', '', NULL, NULL, '', '', 'Male', '0000-00-00', NULL, '', '0658'),
(659, 'RAMAC', 'ARNOLD', 'AGLUPUS', '', '', NULL, '', '', '', NULL, NULL, '', '', 'Male', '0000-00-00', NULL, '', '0659'),
(660, 'RAMOS', 'ANGELICA', 'CARIAGA', '', '', NULL, '', '', '', NULL, NULL, '', '', 'Male', '0000-00-00', NULL, '', '0660'),
(661, 'RAMOS', 'CLAUDINE MAE', 'AGRAMON', '', '', NULL, '', '', '', NULL, NULL, '', '', 'Male', '0000-00-00', NULL, '', '0661'),
(662, 'RAMOS', 'JAZLEN', 'APOLINAR', '', '', NULL, '', '', '', NULL, NULL, '', '', 'Male', '0000-00-00', NULL, '', '0662'),
(663, 'RAMOS', 'MARC ANGELO DELA', 'CRUZ', '', '', NULL, '', '', '', NULL, NULL, '', '', 'Male', '0000-00-00', NULL, '', '0663'),
(664, 'RAMOS', 'ROSE ANN', 'BANGUG', '', '', NULL, '', '', '', NULL, NULL, '', '', 'Male', '0000-00-00', NULL, '', '0664'),
(665, 'RAMOS', 'SHERYN', 'CRISTOBAL', '', '', NULL, '', '', '', NULL, NULL, '', '', 'Male', '0000-00-00', NULL, '', '0665'),
(666, 'RANCHEZ', 'MARVIN JHON', 'MALUYO', '', '', NULL, '', '', '', NULL, NULL, '', '', 'Male', '0000-00-00', NULL, '', '0666'),
(667, 'RANGASA', 'DEVINE', 'SANTIAGO', '', '', NULL, '', '', '', NULL, NULL, '', '', 'Male', '0000-00-00', NULL, '', '0667'),
(668, 'RECCION', 'JOHN CARLO', 'CABAUATAN', '', '', NULL, '', '', '', NULL, NULL, '', '', 'Male', '0000-00-00', NULL, '', '0668'),
(669, 'RECOMITA', 'ERIC', 'BALABBO', '', '', NULL, '', '', '', NULL, NULL, '', '', 'Male', '0000-00-00', NULL, '', '0669'),
(670, 'REFANI', 'LORENZ', 'OLIGAN', '', '', NULL, '', '', '', NULL, NULL, '', '', 'Male', '0000-00-00', NULL, '', '0670'),
(671, 'REGLOS', 'JILLIAN', 'ANN', '', '', NULL, '', '', '', NULL, NULL, '', '', 'Male', '0000-00-00', NULL, '', '0671'),
(672, 'REMIGIO', 'RICHARD', 'BOLIBOL', '', '', NULL, '', '', '', NULL, NULL, '', '', 'Male', '0000-00-00', NULL, '', '0672'),
(673, 'REMOLLINO', 'JELLIAN', 'TOQUIERO', '', '', NULL, '', '', '', NULL, NULL, '', '', 'Male', '0000-00-00', NULL, '', '0673'),
(674, 'REPALDA', 'ANGIELINE', 'DELOSSANTOS', '', '', NULL, '', '', '', NULL, NULL, '', '', 'Male', '0000-00-00', NULL, '', '0674'),
(675, 'REPALDA', 'SARAH JEAN', 'CARIAGA', '', '', NULL, '', '', '', NULL, NULL, '', '', 'Male', '0000-00-00', NULL, '', '0675'),
(676, 'RESURRECCION', 'ROMNICK', 'TOMAS', '', '', NULL, '', '', '', NULL, NULL, '', '', 'Male', '0000-00-00', NULL, '', '0676'),
(677, 'REVILLA', 'APRIL JOY', 'VALDEZ', '', '', NULL, '', '', '', NULL, NULL, '', '', 'Male', '0000-00-00', NULL, '', '0677'),
(678, 'REVILLA', 'SHIELLA-MAE', 'VALDEZ', '', '', NULL, '', '', '', NULL, NULL, '', '', 'Male', '0000-00-00', NULL, '', '0678'),
(679, 'REYES', 'DEE-JAY', 'SIBULANGCAO', '', '', NULL, '', '', '', NULL, NULL, '', '', 'Male', '0000-00-00', NULL, '', '0679'),
(680, 'REYES', 'EFRELYN', 'SUPNET', '', '', NULL, '', '', '', NULL, NULL, '', '', 'Male', '0000-00-00', NULL, '', '0680'),
(681, 'REYES', 'ELAINE', 'LAGURA', '', '', NULL, '', '', '', NULL, NULL, '', '', 'Male', '0000-00-00', NULL, '', '0681'),
(682, 'REYES', 'FREMY', 'PALAGANAS', '', '', NULL, '', '', '', NULL, NULL, '', '', 'Male', '0000-00-00', NULL, '', '0682'),
(683, 'REYES', 'JANE', 'MARQUEZ', '', '', NULL, '', '', '', NULL, NULL, '', '', 'Male', '0000-00-00', NULL, '', '0683'),
(684, 'REYES', 'JASMIN', 'ARREGLO', '', '', NULL, '', '', '', NULL, NULL, '', '', 'Male', '0000-00-00', NULL, '', '0684'),
(685, 'REYES', 'JOMAR', 'UGOT', '', '', NULL, '', '', '', NULL, NULL, '', '', 'Male', '0000-00-00', NULL, '', '0685'),
(686, 'REYES', 'NICA ANGELIE', 'MALASIBAS', '', '', NULL, '', '', '', NULL, NULL, '', '', 'Male', '0000-00-00', NULL, '', '0686'),
(687, 'RIVERA', 'ANGELA ETHEL', 'BARBIETO', '', '', NULL, '', '', '', NULL, NULL, '', '', 'Male', '0000-00-00', NULL, '', '0687'),
(688, 'RIVERA', 'DUNHILL', 'VILLANUEVA', '', '', NULL, '', '', '', NULL, NULL, '', '', 'Male', '0000-00-00', NULL, '', '0688'),
(689, 'RIVERA', 'JOZELLE KIM', 'RAGUINE', '', '', NULL, '', '', '', NULL, NULL, '', '', 'Male', '0000-00-00', NULL, '', '0689'),
(690, 'RIVERA', 'MAY-ANN', 'IBAO', '', '', NULL, '', '', '', NULL, NULL, '', '', 'Male', '0000-00-00', NULL, '', '0690'),
(691, 'RIVERA', 'REGIELYN', 'MANUEL', '', '', NULL, '', '', '', NULL, NULL, '', '', 'Male', '0000-00-00', NULL, '', '0691'),
(692, 'RIVERA', 'RENALEY', 'MENDEZ', '', '', NULL, '', '', '', NULL, NULL, '', '', 'Male', '0000-00-00', NULL, '', '0692'),
(693, 'RODILLAS', 'JOANA MARIE', 'ALFONSO', '', '', NULL, '', '', '', NULL, NULL, '', '', 'Male', '0000-00-00', NULL, '', '0693'),
(694, 'RODRIGUEZ', 'DANICA', 'MATUSALIM', '', '', NULL, '', '', '', NULL, NULL, '', '', 'Male', '0000-00-00', NULL, '', '0694'),
(695, 'RODRIGUEZ', 'JOSHUA REY', 'CAMBA', '', '', NULL, '', '', '', NULL, NULL, '', '', 'Male', '0000-00-00', NULL, '', '0695'),
(696, 'ROMERO', 'ANGELA GRACELLE', 'GADO', '', '', NULL, '', '', '', NULL, NULL, '', '', 'Male', '0000-00-00', NULL, '', '0696'),
(697, 'ROMERO', 'REYMEL', 'MIRANDA', '', '', NULL, '', '', '', NULL, NULL, '', '', 'Male', '0000-00-00', NULL, '', '0697'),
(698, 'ROMIN', 'RYZA', 'SAGUID', '', '', NULL, '', '', '', NULL, NULL, '', '', 'Male', '0000-00-00', NULL, '', '0698'),
(699, 'RONAS', 'JELLAINE', 'CARREON', '', '', NULL, '', '', '', NULL, NULL, '', '', 'Male', '0000-00-00', NULL, '', '0699'),
(700, 'RONQUILLO', 'RYAN JAY', 'CALUYA', '', '', NULL, '', '', '', NULL, NULL, '', '', 'Male', '0000-00-00', NULL, '', '0700'),
(701, 'ROSALAN', 'JIRAH', 'MENDEZ', '', '', NULL, '', '', '', NULL, NULL, '', '', 'Male', '0000-00-00', NULL, '', '0701'),
(702, 'ROSIMO', 'JAYRICO JUSTINE DE', 'GUZMAN', '', '', NULL, '', '', '', NULL, NULL, '', '', 'Male', '0000-00-00', NULL, '', '0702'),
(703, 'ROSQUETA', 'LIEZLE', 'RAMOS', '', '', NULL, '', '', '', NULL, NULL, '', '', 'Male', '0000-00-00', NULL, '', '0703'),
(704, 'RUBIS', 'ALEXIS ANGELO', 'FERNANDEZ', '', '', NULL, '', '', '', NULL, NULL, '', '', 'Male', '0000-00-00', NULL, '', '0704'),
(705, 'RUFIN', 'BERNARDO', 'PADDAYUMAN', '', '', NULL, '', '', '', NULL, NULL, '', '', 'Male', '0000-00-00', NULL, '', '0705'),
(706, 'RUFIN', 'DESIREE', 'PERALTA', '', '', NULL, '', '', '', NULL, NULL, '', '', 'Male', '0000-00-00', NULL, '', '0706'),
(707, 'RUIZ', 'JHANZ BERNADETH', 'JOSE', '', '', NULL, '', '', '', NULL, NULL, '', '', 'Male', '0000-00-00', NULL, '', '0707'),
(708, 'RUZ', 'RIZAME', 'JAVILLONAR', '', '', NULL, '', '', '', NULL, NULL, '', '', 'Male', '0000-00-00', NULL, '', '0708'),
(709, 'SAAD', 'JULIUS CHRISTIAN', 'BITANGA', '', '', NULL, '', '', '', NULL, NULL, '', '', 'Male', '0000-00-00', NULL, '', '0709'),
(710, 'SAAD', 'PRECELLA', 'LUCENA', '', '', NULL, '', '', '', NULL, NULL, '', '', 'Male', '0000-00-00', NULL, '', '0710'),
(711, 'SABADO', 'DEBBIE JANE', 'DOLLENTE', '', '', NULL, '', '', '', NULL, NULL, '', '', 'Male', '0000-00-00', NULL, '', '0711'),
(712, 'SABAY', 'CHEYENNE ALEXA', 'NACTOR', '', '', NULL, '', '', '', NULL, NULL, '', '', 'Male', '0000-00-00', NULL, '', '0712'),
(713, 'SABIANO', 'ROY JAMES', 'GRAPIZA', '', '', NULL, '', '', '', NULL, NULL, '', '', 'Male', '0000-00-00', NULL, '', '0713'),
(714, 'SABLAY', 'ANNIKA', 'TABORDA', '', '', NULL, '', '', '', NULL, NULL, '', '', 'Male', '0000-00-00', NULL, '', '0714'),
(715, 'SABLAY', 'CHEYENNE ALEXA', 'NACTOR', '', '', NULL, '', '', '', NULL, NULL, '', '', 'Male', '0000-00-00', NULL, '', '0715'),
(716, 'SABLAY', 'JENNY LOU', 'PALDING', '', '', NULL, '', '', '', NULL, NULL, '', '', 'Male', '0000-00-00', NULL, '', '0716'),
(717, 'SABLAY', 'SHELVIE', 'RODRIGUEZ', '', '', NULL, '', '', '', NULL, NULL, '', '', 'Male', '0000-00-00', NULL, '', '0717'),
(718, 'SADUCOS', 'JULIE ANN', 'VICENTE', '', '', NULL, '', '', '', NULL, NULL, '', '', 'Male', '0000-00-00', NULL, '', '0718'),
(719, 'SAGARIO', 'KC', 'SAGUN', '', '', NULL, '', '', '', NULL, NULL, '', '', 'Male', '0000-00-00', NULL, '', '0719'),
(720, 'SAGAYDORO', 'ANDRIAN DELA-', 'CRUZ', '', '', NULL, '', '', '', NULL, NULL, '', '', 'Male', '0000-00-00', NULL, '', '0720');

-- --------------------------------------------------------

--
-- Table structure for table `users`
--

CREATE TABLE `users` (
  `id` int(11) NOT NULL,
  `username` varchar(255) NOT NULL,
  `password` varchar(255) NOT NULL,
  `role` enum('admin','student','other') NOT NULL
) ENGINE=InnoDB DEFAULT CHARSET=utf8mb4 COLLATE=utf8mb4_general_ci;

--
-- Dumping data for table `users`
--

INSERT INTO `users` (`id`, `username`, `password`, `role`) VALUES
(1, 'admin', 'ISU_roXas_1978', 'admin');

--
-- Indexes for dumped tables
--

--
-- Indexes for table `player_sessions`
--
ALTER TABLE `player_sessions`
  ADD PRIMARY KEY (`session_id`);

--
-- Indexes for table `quizquestions`
--
ALTER TABLE `quizquestions`
  ADD PRIMARY KEY (`id`);

--
-- Indexes for table `student_applications`
--
ALTER TABLE `student_applications`
  ADD PRIMARY KEY (`id`),
  ADD UNIQUE KEY `learners_reference_number` (`learners_reference_number`),
  ADD UNIQUE KEY `email_address` (`email_address`);

--
-- Indexes for table `users`
--
ALTER TABLE `users`
  ADD PRIMARY KEY (`id`),
  ADD UNIQUE KEY `username` (`username`);

--
-- AUTO_INCREMENT for dumped tables
--

--
-- AUTO_INCREMENT for table `player_sessions`
--
ALTER TABLE `player_sessions`
  MODIFY `session_id` int(11) NOT NULL AUTO_INCREMENT, AUTO_INCREMENT=37;

--
-- AUTO_INCREMENT for table `quizquestions`
--
ALTER TABLE `quizquestions`
  MODIFY `id` int(11) NOT NULL AUTO_INCREMENT, AUTO_INCREMENT=131;

--
-- AUTO_INCREMENT for table `student_applications`
--
ALTER TABLE `student_applications`
  MODIFY `id` int(11) NOT NULL AUTO_INCREMENT, AUTO_INCREMENT=721;

--
-- AUTO_INCREMENT for table `users`
--
ALTER TABLE `users`
  MODIFY `id` int(11) NOT NULL AUTO_INCREMENT, AUTO_INCREMENT=2;
COMMIT;

/*!40101 SET CHARACTER_SET_CLIENT=@OLD_CHARACTER_SET_CLIENT */;
/*!40101 SET CHARACTER_SET_RESULTS=@OLD_CHARACTER_SET_RESULTS */;
/*!40101 SET COLLATION_CONNECTION=@OLD_COLLATION_CONNECTION */;
